name,easting_m,northing_m,working_platform_level_m,diameter_m,total_length_m,zone_name,,,,,,
CMC-795,502980.663,2443959.497,6.25,0.6,14,Auxiliary Transformer Foundation,,,502980.663 2443959.497 6.25,,,3.95841
CMC-796,502979.669,2443961.233,6.25,0.6,14,Auxiliary Transformer Foundation,,,502979.669 2443961.233 6.25,,,3.95841
CMC-797,502978.674,2443962.968,6.25,0.6,14,Auxiliary Transformer Foundation,,,502978.674 2443962.968 6.25,,,3.95841
CMC-824,502982.399,2443960.492,6.25,0.6,14,Auxiliary Transformer Foundation,,,502982.399 2443960.492 6.25,,,3.95841
CMC-825,502981.404,2443962.227,6.25,0.6,14,Auxiliary Transformer Foundation,,,502981.404 2443962.227 6.25,,,3.95841
CMC-826,502980.41,2443963.962,6.25,0.6,14,Auxiliary Transformer Foundation,,,502980.41 2443963.962 6.25,,,3.95841
CMC-860,502984.134,2443961.486,6.25,0.6,14,Auxiliary Transformer Foundation,,,502984.134 2443961.486 6.25,,,3.95841
CMC-861,502983.14,2443963.222,6.25,0.6,14,Auxiliary Transformer Foundation,,,502983.14 2443963.222 6.25,,,3.95841
CMC-862,502982.145,2443964.957,6.25,0.6,14,Auxiliary Transformer Foundation,,,502982.145 2443964.957 6.25,,,3.95841
CMC-891,502985.87,2443962.481,6.25,0.6,14,Auxiliary Transformer Foundation,,,502985.87 2443962.481 6.25,,,3.95841
CMC-892,502984.875,2443964.216,6.25,0.6,14,Auxiliary Transformer Foundation,,,502984.875 2443964.216 6.25,,,3.95841
CMC-893,502983.881,2443965.952,6.25,0.6,14,Auxiliary Transformer Foundation,,,502983.881 2443965.952 6.25,,,3.95841
CMC-922,502987.606,2443963.475,6.25,0.6,14,Auxiliary Transformer Foundation,,,502987.606 2443963.475 6.25,,,3.95841
CMC-923,502986.611,2443965.211,6.25,0.6,14,Auxiliary Transformer Foundation,,,502986.611 2443965.211 6.25,,,3.95841
CMC-924,502985.617,2443966.946,6.25,0.6,14,Auxiliary Transformer Foundation,,,502985.617 2443966.946 6.25,,,3.95841
CMC-953,502989.341,2443964.47,6.25,0.6,14,Auxiliary Transformer Foundation,,,502989.341 2443964.47 6.25,,,3.95841
CMC-954,502988.347,2443966.205,6.25,0.6,14,Auxiliary Transformer Foundation,,,502988.347 2443966.205 6.25,,,3.95841
CMC-955,502987.352,2443967.941,6.25,0.6,14,Auxiliary Transformer Foundation,,,502987.352 2443967.941 6.25,,,3.95841
CMC-3,502964.125,2443887.778,6.25,0.6,16,Boundary Wall,,,,,,
CMC-4,502963.13,2443889.513,6.25,0.6,16,Boundary Wall,,,,,,
CMC-5,502962.136,2443891.249,6.25,0.6,16,Boundary Wall,,,,,,
CMC-6,502961.141,2443892.984,6.25,0.6,16,Boundary Wall,,,,,,
CMC-7,502960.147,2443894.719,6.25,0.6,16,Boundary Wall,,,,,,
CMC-8,502959.152,2443896.455,6.25,0.6,16,Boundary Wall,,,,,,
CMC-9,502958.158,2443898.19,6.25,0.6,16,Boundary Wall,,,,,,
CMC-10,502957.163,2443899.926,6.25,0.6,16,Boundary Wall,,,,,,
CMC-11,502956.169,2443901.661,6.25,0.6,16,Boundary Wall,,,,,,
CMC-12,502955.174,2443903.396,6.25,0.6,16,Boundary Wall,,,,,,
CMC-13,502954.18,2443905.132,6.25,0.6,16,Boundary Wall,,,,,,
CMC-14,502953.185,2443906.867,6.25,0.6,16,Boundary Wall,,,,,,
CMC-15,502952.191,2443908.602,6.25,0.6,16,Boundary Wall,,,,,,
CMC-16,502951.196,2443910.338,6.25,0.6,16,Boundary Wall,,,,,,
CMC-17,502950.202,2443912.073,6.25,0.6,16,Boundary Wall,,,,,,
CMC-18,502949.208,2443913.808,6.25,0.6,16,Boundary Wall,,,,,,
CMC-19,502948.213,2443915.544,6.25,0.6,16,Boundary Wall,,,,,,
CMC-20,502947.219,2443917.279,6.25,0.6,16,Boundary Wall,,,,,,
CMC-21,502946.224,2443919.015,6.25,0.6,16,Boundary Wall,,,,,,
CMC-22,502945.23,2443920.75,6.25,0.6,16,Boundary Wall,,,,,,
CMC-23,502944.235,2443922.485,6.25,0.6,16,Boundary Wall,,,,,,
CMC-24,502943.241,2443924.221,6.25,0.6,16,Boundary Wall,,,,,,
CMC-25,502942.246,2443925.956,6.25,0.6,16,Boundary Wall,,,,,,
CMC-26,502941.252,2443927.691,6.25,0.6,16,Boundary Wall,,,,,,
CMC-27,502940.257,2443929.427,6.25,0.6,16,Boundary Wall,,,,,,
CMC-28,502939.263,2443931.162,6.25,0.6,16,Boundary Wall,,,,,,
CMC-29,502938.268,2443932.898,6.25,0.6,16,Boundary Wall,,,,,,
CMC-30,502937.274,2443934.633,6.25,0.6,16,Boundary Wall,,,,,,
CMC-31,502936.279,2443936.368,6.25,0.6,16,Boundary Wall,,,,,,
CMC-32,502935.285,2443938.104,6.25,0.6,16,Boundary Wall,,,,,,
CMC-33,502965.86,2443888.773,6.25,0.6,16,Boundary Wall,,,,,,
CMC-34,502964.866,2443890.508,6.25,0.6,16,Boundary Wall,,,,,,
CMC-35,502963.871,2443892.243,6.25,0.6,16,Boundary Wall,,,,,,
CMC-36,502962.877,2443893.979,6.25,0.6,16,Boundary Wall,,,,,,
CMC-37,502961.882,2443895.714,6.25,0.6,16,Boundary Wall,,,,,,
CMC-38,502960.888,2443897.449,6.25,0.6,16,Boundary Wall,,,,,,
CMC-39,502959.893,2443899.185,6.25,0.6,16,Boundary Wall,,,,,,
CMC-40,502958.899,2443900.92,6.25,0.6,16,Boundary Wall,,,,,,
CMC-41,502957.904,2443902.655,6.25,0.6,16,Boundary Wall,,,,,,
CMC-42,502956.91,2443904.391,6.25,0.6,16,Boundary Wall,,,,,,
CMC-43,502955.915,2443906.126,6.25,0.6,16,Boundary Wall,,,,,,
CMC-44,502954.921,2443907.862,6.25,0.6,16,Boundary Wall,,,,,,
CMC-45,502953.927,2443909.597,6.25,0.6,16,Boundary Wall,,,,,,
CMC-46,502952.932,2443911.332,6.25,0.6,16,Boundary Wall,,,,,,
CMC-47,502951.938,2443913.068,6.25,0.6,16,Boundary Wall,,,,,,
CMC-48,502950.943,2443914.803,6.25,0.6,16,Boundary Wall,,,,,,
CMC-49,502949.949,2443916.538,6.25,0.6,16,Boundary Wall,,,,,,
CMC-50,502948.954,2443918.274,6.25,0.6,16,Boundary Wall,,,,,,
CMC-51,502947.96,2443920.009,6.25,0.6,16,Boundary Wall,,,,,,
CMC-52,502946.965,2443921.745,6.25,0.6,16,Boundary Wall,,,,,,
CMC-53,502945.971,2443923.48,6.25,0.6,16,Boundary Wall,,,,,,
CMC-54,502944.976,2443925.215,6.25,0.6,16,Boundary Wall,,,,,,
CMC-55,502943.982,2443926.951,6.25,0.6,16,Boundary Wall,,,,,,
CMC-56,502942.987,2443928.686,6.25,0.6,16,Boundary Wall,,,,,,
CMC-57,502941.993,2443930.421,6.25,0.6,16,Boundary Wall,,,,,,
CMC-58,502940.998,2443932.157,6.25,0.6,16,Boundary Wall,,,,,,
CMC-59,502940.004,2443933.892,6.25,0.6,16,Boundary Wall,,,,,,
CMC-60,502939.01,2443935.627,6.25,0.6,16,Boundary Wall,,,,,,
CMC-61,502938.015,2443937.363,6.25,0.6,16,Boundary Wall,,,,,,
CMC-62,502937.021,2443939.098,6.25,0.6,16,Boundary Wall,,,,,,
CMC-63,502967.596,2443889.767,6.25,0.6,16,Boundary Wall,,,,,,
CMC-64,502966.601,2443891.502,6.25,0.6,16,Boundary Wall,,,,,,
CMC-65,502965.607,2443893.238,6.25,0.6,16,Boundary Wall,,,,,,
CMC-66,502964.612,2443894.973,6.25,0.6,16,Boundary Wall,,,,,,
CMC-67,502963.618,2443896.709,6.25,0.6,16,Boundary Wall,,,,,,
CMC-68,502962.623,2443898.444,6.25,0.6,16,Boundary Wall,,,,,,
CMC-69,502961.629,2443900.179,6.25,0.6,16,Boundary Wall,,,,,,
CMC-70,502960.634,2443901.915,6.25,0.6,16,Boundary Wall,,,,,,
CMC-71,502959.64,2443903.65,6.25,0.6,16,Boundary Wall,,,,,,
CMC-72,502958.645,2443905.385,6.25,0.6,16,Boundary Wall,,,,,,
CMC-73,502957.651,2443907.121,6.25,0.6,16,Boundary Wall,,,,,,
CMC-74,502956.657,2443908.856,6.25,0.6,16,Boundary Wall,,,,,,
CMC-75,502955.662,2443910.592,6.25,0.6,16,Boundary Wall,,,,,,
CMC-76,502954.668,2443912.327,6.25,0.6,16,Boundary Wall,,,,,,
CMC-77,502953.673,2443914.062,6.25,0.6,16,Boundary Wall,,,,,,
CMC-78,502952.679,2443915.798,6.25,0.6,16,Boundary Wall,,,,,,
CMC-79,502951.684,2443917.533,6.25,0.6,16,Boundary Wall,,,,,,
CMC-80,502950.69,2443919.268,6.25,0.6,16,Boundary Wall,,,,,,
CMC-81,502949.695,2443921.004,6.25,0.6,16,Boundary Wall,,,,,,
CMC-82,502948.701,2443922.739,6.25,0.6,16,Boundary Wall,,,,,,
CMC-83,502947.706,2443924.474,6.25,0.6,16,Boundary Wall,,,,,,
CMC-84,502946.712,2443926.21,6.25,0.6,16,Boundary Wall,,,,,,
CMC-85,502945.717,2443927.945,6.25,0.6,16,Boundary Wall,,,,,,
CMC-86,502944.723,2443929.681,6.25,0.6,16,Boundary Wall,,,,,,
CMC-87,502943.728,2443931.416,6.25,0.6,16,Boundary Wall,,,,,,
CMC-88,502942.734,2443933.151,6.25,0.6,16,Boundary Wall,,,,,,
CMC-89,502941.74,2443934.887,6.25,0.6,16,Boundary Wall,,,,,,
CMC-90,502940.745,2443936.622,6.25,0.6,16,Boundary Wall,,,,,,
CMC-91,502939.751,2443938.357,6.25,0.6,16,Boundary Wall,,,,,,
CMC-92,502938.756,2443940.093,6.25,0.6,16,Boundary Wall,,,,,,
CMC-93,502969.331,2443890.762,6.25,0.6,16,Boundary Wall,,,,,,
CMC-94,502968.337,2443892.497,6.25,0.6,16,Boundary Wall,,,,,,
CMC-95,502967.342,2443894.232,6.25,0.6,16,Boundary Wall,,,,,,
CMC-96,502966.348,2443895.968,6.25,0.6,16,Boundary Wall,,,,,,
CMC-97,502965.353,2443897.703,6.25,0.6,16,Boundary Wall,,,,,,
CMC-98,502964.359,2443899.439,6.25,0.6,16,Boundary Wall,,,,,,
CMC-99,502963.364,2443901.174,6.25,0.6,16,Boundary Wall,,,,,,
CMC-100,502962.37,2443902.909,6.25,0.6,16,Boundary Wall,,,,,,
CMC-101,502961.376,2443904.645,6.25,0.6,16,Boundary Wall,,,,,,
CMC-102,502960.381,2443906.38,6.25,0.6,16,Boundary Wall,,,,,,
CMC-103,502959.387,2443908.115,6.25,0.6,16,Boundary Wall,,,,,,
CMC-104,502958.392,2443909.851,6.25,0.6,16,Boundary Wall,,,,,,
CMC-105,502957.398,2443911.586,6.25,0.6,16,Boundary Wall,,,,,,
CMC-106,502956.403,2443913.321,6.25,0.6,16,Boundary Wall,,,,,,
CMC-107,502955.409,2443915.057,6.25,0.6,16,Boundary Wall,,,,,,
CMC-108,502954.414,2443916.792,6.25,0.6,16,Boundary Wall,,,,,,
CMC-109,502953.42,2443918.528,6.25,0.6,16,Boundary Wall,,,,,,
CMC-110,502952.425,2443920.263,6.25,0.6,16,Boundary Wall,,,,,,
CMC-111,502951.431,2443921.998,6.25,0.6,16,Boundary Wall,,,,,,
CMC-112,502950.436,2443923.734,6.25,0.6,16,Boundary Wall,,,,,,
CMC-113,502949.442,2443925.469,6.25,0.6,16,Boundary Wall,,,,,,
CMC-114,502948.447,2443927.204,6.25,0.6,16,Boundary Wall,,,,,,
CMC-115,502947.453,2443928.94,6.25,0.6,16,Boundary Wall,,,,,,
CMC-116,502946.459,2443930.675,6.25,0.6,16,Boundary Wall,,,,,,
CMC-117,502945.464,2443932.41,6.25,0.6,16,Boundary Wall,,,,,,
CMC-118,502944.47,2443934.146,6.25,0.6,16,Boundary Wall,,,,,,
CMC-119,502943.475,2443935.881,6.25,0.6,16,Boundary Wall,,,,,,
CMC-120,502942.481,2443937.617,6.25,0.6,16,Boundary Wall,,,,,,
CMC-121,502941.486,2443939.352,6.25,0.6,16,Boundary Wall,,,,,,
CMC-122,502940.492,2443941.087,6.25,0.6,16,Boundary Wall,,,,,,
CMC-123,502971.067,2443891.756,6.25,0.6,16,Boundary Wall,,,,,,
CMC-124,502970.072,2443893.492,6.25,0.6,16,Boundary Wall,,,,,,
CMC-125,502969.078,2443895.227,6.25,0.6,16,Boundary Wall,,,,,,
CMC-126,502968.083,2443896.962,6.25,0.6,16,Boundary Wall,,,,,,
CMC-127,502967.089,2443898.698,6.25,0.6,16,Boundary Wall,,,,,,
CMC-128,502966.095,2443900.433,6.25,0.6,16,Boundary Wall,,,,,,
CMC-129,502965.1,2443902.168,6.25,0.6,16,Boundary Wall,,,,,,
CMC-130,502964.106,2443903.904,6.25,0.6,16,Boundary Wall,,,,,,
CMC-131,502963.111,2443905.639,6.25,0.6,16,Boundary Wall,,,,,,
CMC-132,502962.117,2443907.375,6.25,0.6,16,Boundary Wall,,,,,,
CMC-133,502961.122,2443909.11,6.25,0.6,16,Boundary Wall,,,,,,
CMC-134,502960.128,2443910.845,6.25,0.6,16,Boundary Wall,,,,,,
CMC-135,502959.133,2443912.581,6.25,0.6,16,Boundary Wall,,,,,,
CMC-136,502958.139,2443914.316,6.25,0.6,16,Boundary Wall,,,,,,
CMC-137,502957.144,2443916.051,6.25,0.6,16,Boundary Wall,,,,,,
CMC-138,502956.15,2443917.787,6.25,0.6,16,Boundary Wall,,,,,,
CMC-139,502955.155,2443919.522,6.25,0.6,16,Boundary Wall,,,,,,
CMC-140,502954.161,2443921.257,6.25,0.6,16,Boundary Wall,,,,,,
CMC-141,502953.166,2443922.993,6.25,0.6,16,Boundary Wall,,,,,,
CMC-142,502952.172,2443924.728,6.25,0.6,16,Boundary Wall,,,,,,
CMC-143,502951.178,2443926.464,6.25,0.6,16,Boundary Wall,,,,,,
CMC-144,502950.183,2443928.199,6.25,0.6,16,Boundary Wall,,,,,,
CMC-145,502949.189,2443929.934,6.25,0.6,16,Boundary Wall,,,,,,
CMC-146,502948.194,2443931.67,6.25,0.6,16,Boundary Wall,,,,,,
CMC-147,502947.2,2443933.405,6.25,0.6,16,Boundary Wall,,,,,,
CMC-148,502946.205,2443935.14,6.25,0.6,16,Boundary Wall,,,,,,
CMC-149,502945.211,2443936.876,6.25,0.6,16,Boundary Wall,,,,,,
CMC-150,502944.216,2443938.611,6.25,0.6,16,Boundary Wall,,,,,,
CMC-151,502943.222,2443940.347,6.25,0.6,16,Boundary Wall,,,,,,
CMC-152,502942.227,2443942.082,6.25,0.6,16,Boundary Wall,,,,,,
CMC-153,502972.802,2443892.751,6.25,0.6,16,Boundary Wall,,,,,,
CMC-154,502971.808,2443894.486,6.25,0.6,16,Boundary Wall,,,,,,
CMC-155,502970.813,2443896.222,6.25,0.6,16,Boundary Wall,,,,,,
CMC-156,502969.819,2443897.957,6.25,0.6,16,Boundary Wall,,,,,,
CMC-157,502968.825,2443899.692,6.25,0.6,16,Boundary Wall,,,,,,
CMC-158,502967.83,2443901.428,6.25,0.6,16,Boundary Wall,,,,,,
CMC-159,502966.836,2443903.163,6.25,0.6,16,Boundary Wall,,,,,,
CMC-160,502965.841,2443904.898,6.25,0.6,16,Boundary Wall,,,,,,
CMC-161,502964.847,2443906.634,6.25,0.6,16,Boundary Wall,,,,,,
CMC-162,502963.852,2443908.369,6.25,0.6,16,Boundary Wall,,,,,,
CMC-163,502962.858,2443910.104,6.25,0.6,16,Boundary Wall,,,,,,
CMC-164,502961.863,2443911.84,6.25,0.6,16,Boundary Wall,,,,,,
CMC-165,502960.869,2443913.575,6.25,0.6,16,Boundary Wall,,,,,,
CMC-166,502959.874,2443915.311,6.25,0.6,16,Boundary Wall,,,,,,
CMC-167,502958.88,2443917.046,6.25,0.6,16,Boundary Wall,,,,,,
CMC-168,502957.885,2443918.781,6.25,0.6,16,Boundary Wall,,,,,,
CMC-169,502956.891,2443920.517,6.25,0.6,16,Boundary Wall,,,,,,
CMC-170,502955.896,2443922.252,6.25,0.6,16,Boundary Wall,,,,,,
CMC-171,502954.902,2443923.987,6.25,0.6,16,Boundary Wall,,,,,,
CMC-172,502953.908,2443925.723,6.25,0.6,16,Boundary Wall,,,,,,
CMC-173,502952.913,2443927.458,6.25,0.6,16,Boundary Wall,,,,,,
CMC-174,502951.919,2443929.194,6.25,0.6,16,Boundary Wall,,,,,,
CMC-175,502950.924,2443930.929,6.25,0.6,16,Boundary Wall,,,,,,
CMC-176,502949.93,2443932.664,6.25,0.6,16,Boundary Wall,,,,,,
CMC-177,502948.935,2443934.4,6.25,0.6,16,Boundary Wall,,,,,,
CMC-178,502947.941,2443936.135,6.25,0.6,16,Boundary Wall,,,,,,
CMC-179,502946.946,2443937.87,6.25,0.6,16,Boundary Wall,,,,,,
CMC-180,502945.952,2443939.606,6.25,0.6,16,Boundary Wall,,,,,,
CMC-181,502944.957,2443941.341,6.25,0.6,16,Boundary Wall,,,,,,
CMC-182,502943.963,2443943.076,6.25,0.6,16,Boundary Wall,,,,,,
CMC-183,502974.538,2443893.745,6.25,0.6,16,Boundary Wall,,,,,,
CMC-184,502973.544,2443895.481,6.25,0.6,16,Boundary Wall,,,,,,
CMC-185,502972.549,2443897.216,6.25,0.6,16,Boundary Wall,,,,,,
CMC-186,502971.555,2443898.951,6.25,0.6,16,Boundary Wall,,,,,,
CMC-187,502970.56,2443900.687,6.25,0.6,16,Boundary Wall,,,,,,
CMC-188,502969.566,2443902.422,6.25,0.6,16,Boundary Wall,,,,,,
CMC-189,502968.571,2443904.158,6.25,0.6,16,Boundary Wall,,,,,,
CMC-190,502967.577,2443905.893,6.25,0.6,16,Boundary Wall,,,,,,
CMC-191,502966.582,2443907.628,6.25,0.6,16,Boundary Wall,,,,,,
CMC-192,502965.588,2443909.364,6.25,0.6,16,Boundary Wall,,,,,,
CMC-193,502964.593,2443911.099,6.25,0.6,16,Boundary Wall,,,,,,
CMC-194,502963.599,2443912.834,6.25,0.6,16,Boundary Wall,,,,,,
CMC-195,502962.604,2443914.57,6.25,0.6,16,Boundary Wall,,,,,,
CMC-196,502961.61,2443916.305,6.25,0.6,16,Boundary Wall,,,,,,
CMC-197,502960.615,2443918.041,6.25,0.6,16,Boundary Wall,,,,,,
CMC-198,502959.621,2443919.776,6.25,0.6,16,Boundary Wall,,,,,,
CMC-199,502958.627,2443921.511,6.25,0.6,16,Boundary Wall,,,,,,
CMC-200,502957.632,2443923.247,6.25,0.6,16,Boundary Wall,,,,,,
CMC-201,502956.638,2443924.982,6.25,0.6,16,Boundary Wall,,,,,,
CMC-202,502955.643,2443926.717,6.25,0.6,16,Boundary Wall,,,,,,
CMC-203,502954.649,2443928.453,6.25,0.6,16,Boundary Wall,,,,,,
CMC-204,502953.654,2443930.188,6.25,0.6,16,Boundary Wall,,,,,,
CMC-205,502952.66,2443931.923,6.25,0.6,16,Boundary Wall,,,,,,
CMC-206,502951.665,2443933.659,6.25,0.6,16,Boundary Wall,,,,,,
CMC-207,502950.671,2443935.394,6.25,0.6,16,Boundary Wall,,,,,,
CMC-208,502949.676,2443937.13,6.25,0.6,16,Boundary Wall,,,,,,
CMC-209,502948.682,2443938.865,6.25,0.6,16,Boundary Wall,,,,,,
CMC-210,502947.687,2443940.6,6.25,0.6,16,Boundary Wall,,,,,,
CMC-212,502945.698,2443944.071,6.25,0.6,16,Boundary Wall,,,,,,
CMC-213,502976.274,2443894.74,6.25,0.6,16,Boundary Wall,,,,,,
CMC-214,502975.279,2443896.475,6.25,0.6,16,Boundary Wall,,,,,,
CMC-215,502974.285,2443898.211,6.25,0.6,16,Boundary Wall,,,,,,
CMC-216,502973.29,2443899.946,6.25,0.6,16,Boundary Wall,,,,,,
CMC-217,502972.296,2443901.681,6.25,0.6,16,Boundary Wall,,,,,,
CMC-218,502971.301,2443903.417,6.25,0.6,16,Boundary Wall,,,,,,
CMC-219,502970.307,2443905.152,6.25,0.6,16,Boundary Wall,,,,,,
CMC-220,502969.312,2443906.888,6.25,0.6,16,Boundary Wall,,,,,,
CMC-221,502968.318,2443908.623,6.25,0.6,16,Boundary Wall,,,,,,
CMC-222,502967.323,2443910.358,6.25,0.6,16,Boundary Wall,,,,,,
CMC-223,502966.329,2443912.094,6.25,0.6,16,Boundary Wall,,,,,,
CMC-224,502965.334,2443913.829,6.25,0.6,16,Boundary Wall,,,,,,
CMC-225,502964.34,2443915.564,6.25,0.6,16,Boundary Wall,,,,,,
CMC-226,502963.345,2443917.3,6.25,0.6,16,Boundary Wall,,,,,,
CMC-227,502962.351,2443919.035,6.25,0.6,16,Boundary Wall,,,,,,
CMC-228,502961.357,2443920.77,6.25,0.6,16,Boundary Wall,,,,,,
CMC-229,502960.362,2443922.506,6.25,0.6,16,Boundary Wall,,,,,,
CMC-230,502959.368,2443924.241,6.25,0.6,16,Boundary Wall,,,,,,
CMC-231,502958.373,2443925.977,6.25,0.6,16,Boundary Wall,,,,,,
CMC-232,502957.379,2443927.712,6.25,0.6,16,Boundary Wall,,,,,,
CMC-233,502956.384,2443929.447,6.25,0.6,16,Boundary Wall,,,,,,
CMC-234,502955.39,2443931.183,6.25,0.6,16,Boundary Wall,,,,,,
CMC-235,502954.395,2443932.918,6.25,0.6,16,Boundary Wall,,,,,,
CMC-236,502953.401,2443934.653,6.25,0.6,16,Boundary Wall,,,,,,
CMC-237,502952.406,2443936.389,6.25,0.6,16,Boundary Wall,,,,,,
CMC-238,502951.412,2443938.124,6.25,0.6,16,Boundary Wall,,,,,,
CMC-239,502950.417,2443939.86,6.25,0.6,16,Boundary Wall,,,,,,
CMC-240,502949.423,2443941.595,6.25,0.6,16,Boundary Wall,,,,,,
CMC-242,502947.434,2443945.066,6.25,0.6,16,Boundary Wall,,,,,,
CMC-243,502978.009,2443895.735,6.25,0.6,16,Boundary Wall,,,,,,
CMC-244,502977.015,2443897.47,6.25,0.6,16,Boundary Wall,,,,,,
CMC-245,502976.02,2443899.205,6.25,0.6,16,Boundary Wall,,,,,,
CMC-246,502975.026,2443900.941,6.25,0.6,16,Boundary Wall,,,,,,
CMC-247,502974.031,2443902.676,6.25,0.6,16,Boundary Wall,,,,,,
CMC-248,502973.037,2443904.411,6.25,0.6,16,Boundary Wall,,,,,,
CMC-249,502972.042,2443906.147,6.25,0.6,16,Boundary Wall,,,,,,
CMC-250,502971.048,2443907.882,6.25,0.6,16,Boundary Wall,,,,,,
CMC-251,502970.053,2443909.617,6.25,0.6,16,Boundary Wall,,,,,,
CMC-252,502969.059,2443911.353,6.25,0.6,16,Boundary Wall,,,,,,
CMC-253,502968.064,2443913.088,6.25,0.6,16,Boundary Wall,,,,,,
CMC-254,502967.07,2443914.824,6.25,0.6,16,Boundary Wall,,,,,,
CMC-255,502966.076,2443916.559,6.25,0.6,16,Boundary Wall,,,,,,
CMC-256,502965.081,2443918.294,6.25,0.6,16,Boundary Wall,,,,,,
CMC-257,502964.087,2443920.03,6.25,0.6,16,Boundary Wall,,,,,,
CMC-258,502963.092,2443921.765,6.25,0.6,16,Boundary Wall,,,,,,
CMC-259,502962.098,2443923.5,6.25,0.6,16,Boundary Wall,,,,,,
CMC-260,502961.103,2443925.236,6.25,0.6,16,Boundary Wall,,,,,,
CMC-261,502960.109,2443926.971,6.25,0.6,16,Boundary Wall,,,,,,
CMC-262,502959.114,2443928.707,6.25,0.6,16,Boundary Wall,,,,,,
CMC-263,502958.12,2443930.442,6.25,0.6,16,Boundary Wall,,,,,,
CMC-264,502957.125,2443932.177,6.25,0.6,16,Boundary Wall,,,,,,
CMC-265,502956.131,2443933.913,6.25,0.6,16,Boundary Wall,,,,,,
CMC-266,502955.136,2443935.648,6.25,0.6,16,Boundary Wall,,,,,,
CMC-267,502954.142,2443937.383,6.25,0.6,16,Boundary Wall,,,,,,
CMC-268,502953.147,2443939.119,6.25,0.6,16,Boundary Wall,,,,,,
CMC-269,502952.153,2443940.854,6.25,0.6,16,Boundary Wall,,,,,,
CMC-270,502951.159,2443942.589,6.25,0.6,16,Boundary Wall,,,,,,
CMC-271,502950.164,2443944.325,6.25,0.6,16,Boundary Wall,,,,,,
CMC-272,502949.17,2443946.06,6.25,0.6,16,Boundary Wall,,,,,,
CMC-273,502979.745,2443896.729,6.25,0.6,16,Boundary Wall,,,,,,
CMC-274,502978.75,2443898.464,6.25,0.6,16,Boundary Wall,,,,,,
CMC-275,502977.756,2443900.2,6.25,0.6,16,Boundary Wall,,,,,,
CMC-276,502976.761,2443901.935,6.25,0.6,16,Boundary Wall,,,,,,
CMC-277,502975.767,2443903.671,6.25,0.6,16,Boundary Wall,,,,,,
CMC-298,502954.883,2443940.113,6.25,0.6,16,Boundary Wall,,,,,,
CMC-299,502953.889,2443941.849,6.25,0.6,16,Boundary Wall,,,,,,
CMC-300,502952.894,2443943.584,6.25,0.6,16,Boundary Wall,,,,,,
CMC-301,502951.9,2443945.319,6.25,0.6,16,Boundary Wall,,,,,,
CMC-302,502950.905,2443947.055,6.25,0.6,16,Boundary Wall,,,,,,
CMC-303,502981.48,2443897.724,6.25,0.6,16,Boundary Wall,,,,,,
CMC-304,502980.486,2443899.459,6.25,0.6,16,Boundary Wall,,,,,,
CMC-305,502979.491,2443901.194,6.25,0.6,16,Boundary Wall,,,,,,
CMC-306,502978.497,2443902.93,6.25,0.6,16,Boundary Wall,,,,,,
CMC-307,502977.502,2443904.665,6.25,0.6,16,Boundary Wall,,,,,,
CMC-328,502956.619,2443941.108,6.25,0.6,16,Boundary Wall,,,,,,
CMC-329,502955.624,2443942.843,6.25,0.6,16,Boundary Wall,,,,,,
CMC-330,502954.63,2443944.579,6.25,0.6,16,Boundary Wall,,,,,,
CMC-331,502953.635,2443946.314,6.25,0.6,16,Boundary Wall,,,,,,
CMC-332,502952.641,2443948.049,6.25,0.6,16,Boundary Wall,,,,,,
CMC-338,502983.216,2443898.718,6.25,0.6,16,Boundary Wall,,,,,,
CMC-339,502982.221,2443900.454,6.25,0.6,16,Boundary Wall,,,,,,
CMC-340,502981.227,2443902.189,6.25,0.6,16,Boundary Wall,,,,,,
CMC-359,502958.354,2443942.102,6.25,0.6,16,Boundary Wall,,,,,,
CMC-360,502957.36,2443943.838,6.25,0.6,16,Boundary Wall,,,,,,
CMC-369,502984.951,2443899.713,6.25,0.6,16,Boundary Wall,,,,,,
CMC-370,502983.957,2443901.448,6.25,0.6,16,Boundary Wall,,,,,,
CMC-371,502982.962,2443903.184,6.25,0.6,16,Boundary Wall,,,,,,
CMC-390,502960.09,2443943.097,6.25,0.6,16,Boundary Wall,,,,,,
CMC-391,502959.095,2443944.832,6.25,0.6,16,Boundary Wall,,,,,,
CMC-400,502986.687,2443900.707,6.25,0.6,16,Boundary Wall,,,,,,
CMC-401,502985.693,2443902.443,6.25,0.6,16,Boundary Wall,,,,,,
CMC-402,502984.698,2443904.178,6.25,0.6,16,Boundary Wall,,,,,,
CMC-421,502961.825,2443944.092,6.25,0.6,16,Boundary Wall,,,,,,
CMC-422,502960.831,2443945.827,6.25,0.6,16,Boundary Wall,,,,,,
CMC-431,502988.423,2443901.702,6.25,0.6,16,Boundary Wall,,,,,,
CMC-432,502987.428,2443903.437,6.25,0.6,16,Boundary Wall,,,,,,
CMC-433,502986.434,2443905.173,6.25,0.6,16,Boundary Wall,,,,,,
CMC-452,502963.561,2443945.086,6.25,0.6,16,Boundary Wall,,,,,,
CMC-453,502962.566,2443946.822,6.25,0.6,16,Boundary Wall,,,,,,
CMC-462,502990.158,2443902.697,6.25,0.6,16,Boundary Wall,,,,,,
CMC-463,502989.164,2443904.432,6.25,0.6,16,Boundary Wall,,,,,,
CMC-464,502988.169,2443906.167,6.25,0.6,16,Boundary Wall,,,,,,
CMC-483,502965.296,2443946.081,6.25,0.6,16,Boundary Wall,,,,,,
CMC-484,502964.302,2443947.816,6.25,0.6,16,Boundary Wall,,,,,,
CMC-488,502991.894,2443903.691,6.25,0.6,16,Boundary Wall,,,,,,
CMC-489,502990.899,2443905.426,6.25,0.6,16,Boundary Wall,,,,,,
CMC-490,502989.905,2443907.162,6.25,0.6,16,Boundary Wall,,,,,,
CMC-491,502988.91,2443908.897,6.25,0.6,16,Boundary Wall,,,,,,
CMC-492,502987.916,2443910.633,6.25,0.6,16,Boundary Wall,,,,,,
CMC-513,502967.032,2443947.075,6.25,0.6,16,Boundary Wall,,,,,,
CMC-514,502966.038,2443948.811,6.25,0.6,16,Boundary Wall,,,,,,
CMC-518,502993.629,2443904.686,6.25,0.6,16,Boundary Wall,,,,,,
CMC-519,502992.635,2443906.421,6.25,0.6,16,Boundary Wall,,,,,,
CMC-520,502991.64,2443908.156,6.25,0.6,16,Boundary Wall,,,,,,
CMC-521,502990.646,2443909.892,6.25,0.6,16,Boundary Wall,,,,,,
CMC-522,502989.651,2443911.627,6.25,0.6,16,Boundary Wall,,,,,,
CMC-543,502968.768,2443948.07,6.25,0.6,16,Boundary Wall,,,,,,
CMC-544,502967.773,2443949.805,6.25,0.6,16,Boundary Wall,,,,,,
CMC-553,502995.365,2443905.68,6.25,0.6,16,Boundary Wall,,,,,,
CMC-554,502994.37,2443907.416,6.25,0.6,16,Boundary Wall,,,,,,
CMC-555,502993.376,2443909.151,6.25,0.6,16,Boundary Wall,,,,,,
CMC-574,502970.503,2443949.064,6.25,0.6,16,Boundary Wall,,,,,,
CMC-575,502969.509,2443950.8,6.25,0.6,16,Boundary Wall,,,,,,
CMC-584,502997.1,2443906.675,6.25,0.6,16,Boundary Wall,,,,,,
CMC-585,502996.106,2443908.41,6.25,0.6,16,Boundary Wall,,,,,,
CMC-586,502995.111,2443910.146,6.25,0.6,16,Boundary Wall,,,,,,
CMC-605,502972.239,2443950.059,6.25,0.6,16,Boundary Wall,,,,,,
CMC-606,502971.244,2443951.794,6.25,0.6,16,Boundary Wall,,,,,,
CMC-615,502998.836,2443907.669,6.25,0.6,16,Boundary Wall,,,,,,
CMC-616,502997.842,2443909.405,6.25,0.6,16,Boundary Wall,,,,,,
CMC-617,502996.847,2443911.14,6.25,0.6,16,Boundary Wall,,,,,,
CMC-636,502973.974,2443951.054,6.25,0.6,16,Boundary Wall,,,,,,
CMC-637,502972.98,2443952.789,6.25,0.6,16,Boundary Wall,,,,,,
CMC-646,503000.572,2443908.664,6.25,0.6,16,Boundary Wall,,,,,,
CMC-647,502999.577,2443910.399,6.25,0.6,16,Boundary Wall,,,,,,
CMC-648,502998.583,2443912.135,6.25,0.6,16,Boundary Wall,,,,,,
CMC-667,502975.71,2443952.048,6.25,0.6,16,Boundary Wall,,,,,,
CMC-668,502974.715,2443953.784,6.25,0.6,16,Boundary Wall,,,,,,
CMC-677,503002.307,2443909.659,6.25,0.6,16,Boundary Wall,,,,,,
CMC-678,503001.313,2443911.394,6.25,0.6,16,Boundary Wall,,,,,,
CMC-679,503000.318,2443913.129,6.25,0.6,16,Boundary Wall,,,,,,
CMC-708,503004.043,2443910.653,6.25,0.6,16,Boundary Wall,,,,,,
CMC-709,503003.048,2443912.388,6.25,0.6,16,Boundary Wall,,,,,,
CMC-710,503002.054,2443914.124,6.25,0.6,16,Boundary Wall,,,,,,
CMC-711,503001.059,2443915.859,6.25,0.6,16,Boundary Wall,,,,,,
CMC-712,503000.065,2443917.595,6.25,0.6,16,Boundary Wall,,,,,,
CMC-738,503005.778,2443911.648,6.25,0.6,16,Boundary Wall,,,,,,
CMC-739,503004.784,2443913.383,6.25,0.6,16,Boundary Wall,,,,,,
CMC-740,503003.789,2443915.118,6.25,0.6,16,Boundary Wall,,,,,,
CMC-741,503002.795,2443916.854,6.25,0.6,16,Boundary Wall,,,,,,
CMC-742,503001.8,2443918.589,6.25,0.6,16,Boundary Wall,,,,,,
CMC-765,502978.928,2443958.503,6.25,0.6,16,Boundary Wall,,,,,,
CMC-766,502977.933,2443960.238,6.25,0.6,16,Boundary Wall,,,,,,
CMC-767,502976.939,2443961.973,6.25,0.6,16,Boundary Wall,,,,,,
CMC-768,503007.514,2443912.642,6.25,0.6,16,Boundary Wall,,,,,,
CMC-769,503006.519,2443914.378,6.25,0.6,16,Boundary Wall,,,,,,
CMC-770,503005.525,2443916.113,6.25,0.6,16,Boundary Wall,,,,,,
CMC-771,503004.53,2443917.848,6.25,0.6,16,Boundary Wall,,,,,,
CMC-772,503003.536,2443919.584,6.25,0.6,16,Boundary Wall,,,,,,
CMC-801,503009.249,2443913.637,6.25,0.6,16,Boundary Wall,,,,,,
CMC-802,503008.255,2443915.372,6.25,0.6,16,Boundary Wall,,,,,,
CMC-803,503007.26,2443917.108,6.25,0.6,16,Boundary Wall,,,,,,
CMC-837,503010.985,2443914.631,6.25,0.6,16,Boundary Wall,,,,,,
CMC-838,503009.991,2443916.367,6.25,0.6,16,Boundary Wall,,,,,,
CMC-839,503008.996,2443918.102,6.25,0.6,16,Boundary Wall,,,,,,
CMC-868,503012.721,2443915.626,6.25,0.6,16,Boundary Wall,,,,,,
CMC-869,503011.726,2443917.361,6.25,0.6,16,Boundary Wall,,,,,,
CMC-870,503010.732,2443919.097,6.25,0.6,16,Boundary Wall,,,,,,
CMC-899,503014.456,2443916.621,6.25,0.6,16,Boundary Wall,,,,,,
CMC-900,503013.462,2443918.356,6.25,0.6,16,Boundary Wall,,,,,,
CMC-901,503012.467,2443920.091,6.25,0.6,16,Boundary Wall,,,,,,
CMC-930,503016.192,2443917.615,6.25,0.6,16,Boundary Wall,,,,,,
CMC-931,503015.197,2443919.35,6.25,0.6,16,Boundary Wall,,,,,,
CMC-932,503014.203,2443921.086,6.25,0.6,16,Boundary Wall,,,,,,
CMC-933,503009.23,2443929.763,6.25,0.6,16,Boundary Wall,,,,,,
CMC-934,503008.236,2443931.498,6.25,0.6,16,Boundary Wall,,,,,,
CMC-935,503007.241,2443933.233,6.25,0.6,16,Boundary Wall,,,,,,
CMC-936,503006.247,2443934.969,6.25,0.6,16,Boundary Wall,,,,,,
CMC-937,503005.253,2443936.704,6.25,0.6,16,Boundary Wall,,,,,,
CMC-938,503004.258,2443938.44,6.25,0.6,16,Boundary Wall,,,,,,
CMC-939,503003.264,2443940.175,6.25,0.6,16,Boundary Wall,,,,,,
CMC-940,503002.269,2443941.91,6.25,0.6,16,Boundary Wall,,,,,,
CMC-941,503001.275,2443943.646,6.25,0.6,16,Boundary Wall,,,,,,
CMC-942,503000.28,2443945.381,6.25,0.6,16,Boundary Wall,,,,,,
CMC-943,502999.286,2443947.116,6.25,0.6,16,Boundary Wall,,,,,,
CMC-944,502998.291,2443948.852,6.25,0.6,16,Boundary Wall,,,,,,
CMC-945,502997.297,2443950.587,6.25,0.6,16,Boundary Wall,,,,,,
CMC-956,503017.927,2443918.61,6.25,0.6,16,Boundary Wall,,,,,,
CMC-957,503016.933,2443920.345,6.25,0.6,16,Boundary Wall,,,,,,
CMC-958,503015.938,2443922.08,6.25,0.6,16,Boundary Wall,,,,,,
CMC-959,503014.944,2443923.816,6.25,0.6,16,Boundary Wall,,,,,,
CMC-960,503013.949,2443925.551,6.25,0.6,16,Boundary Wall,,,,,,
CMC-961,503012.955,2443927.287,6.25,0.6,16,Boundary Wall,,,,,,
CMC-962,503011.96,2443929.022,6.25,0.6,16,Boundary Wall,,,,,,
CMC-963,503010.966,2443930.757,6.25,0.6,16,Boundary Wall,,,,,,
CMC-966,503007.983,2443935.963,6.25,0.6,16,Boundary Wall,,,,,,
CMC-967,503006.988,2443937.699,6.25,0.6,16,Boundary Wall,,,,,,
CMC-968,503005.994,2443939.434,6.25,0.6,16,Boundary Wall,,,,,,
CMC-969,503004.999,2443941.169,6.25,0.6,16,Boundary Wall,,,,,,
CMC-970,503004.005,2443942.905,6.25,0.6,16,Boundary Wall,,,,,,
CMC-971,503003.01,2443944.64,6.25,0.6,16,Boundary Wall,,,,,,
CMC-972,503002.016,2443946.376,6.25,0.6,16,Boundary Wall,,,,,,
CMC-973,503001.021,2443948.111,6.25,0.6,16,Boundary Wall,,,,,,
CMC-974,503000.027,2443949.846,6.25,0.6,16,Boundary Wall,,,,,,
CMC-975,502999.032,2443951.582,6.25,0.6,16,Boundary Wall,,,,,,
CMC-983,502991.077,2443965.465,6.25,0.6,16,Boundary Wall,,,,,,
CMC-984,502990.082,2443967.2,6.25,0.6,16,Boundary Wall,,,,,,
CMC-985,502989.088,2443968.935,6.25,0.6,16,Boundary Wall,,,,,,
CMC-986,503019.663,2443919.604,6.25,0.6,16,Boundary Wall,,,,,,
CMC-987,503018.668,2443921.34,6.25,0.6,16,Boundary Wall,,,,,,
CMC-988,503017.674,2443923.075,6.25,0.6,16,Boundary Wall,,,,,,
CMC-989,503016.679,2443924.81,6.25,0.6,16,Boundary Wall,,,,,,
CMC-990,503015.685,2443926.546,6.25,0.6,16,Boundary Wall,,,,,,
CMC-991,503014.691,2443928.281,6.25,0.6,16,Boundary Wall,,,,,,
CMC-992,503013.696,2443930.016,6.25,0.6,16,Boundary Wall,,,,,,
CMC-993,503012.702,2443931.752,6.25,0.6,16,Boundary Wall,,,,,,
CMC-996,503009.718,2443936.958,6.25,0.6,16,Boundary Wall,,,,,,
CMC-997,503008.724,2443938.693,6.25,0.6,16,Boundary Wall,,,,,,
CMC-998,503007.729,2443940.429,6.25,0.6,16,Boundary Wall,,,,,,
CMC-999,503006.735,2443942.164,6.25,0.6,16,Boundary Wall,,,,,,
CMC-1000,503005.74,2443943.899,6.25,0.6,16,Boundary Wall,,,,,,
CMC-1001,503004.746,2443945.635,6.25,0.6,16,Boundary Wall,,,,,,
CMC-1002,503003.751,2443947.37,6.25,0.6,16,Boundary Wall,,,,,,
CMC-1003,503002.757,2443949.105,6.25,0.6,16,Boundary Wall,,,,,,
CMC-1004,503001.762,2443950.841,6.25,0.6,16,Boundary Wall,,,,,,
CMC-1005,503000.768,2443952.576,6.25,0.6,16,Boundary Wall,,,,,,
CMC-1006,502999.774,2443954.312,6.25,0.6,16,Boundary Wall,,,,,,
CMC-1007,502998.779,2443956.047,6.25,0.6,16,Boundary Wall,,,,,,
CMC-1008,502997.785,2443957.782,6.25,0.6,16,Boundary Wall,,,,,,
CMC-1009,502996.79,2443959.518,6.25,0.6,16,Boundary Wall,,,,,,
CMC-1010,502995.796,2443961.253,6.25,0.6,16,Boundary Wall,,,,,,
CMC-1011,502994.801,2443962.988,6.25,0.6,16,Boundary Wall,,,,,,
CMC-1012,502993.807,2443964.724,6.25,0.6,16,Boundary Wall,,,,,,
CMC-1013,502992.812,2443966.459,6.25,0.6,16,Boundary Wall,,,,,,
CMC-1014,502991.818,2443968.195,6.25,0.6,16,Boundary Wall,,,,,,
CMC-1015,502990.823,2443969.93,6.25,0.6,16,Boundary Wall,,,,,,
CMC-1016,503021.398,2443920.599,6.25,0.6,16,Boundary Wall,,,,,,
CMC-1017,503020.404,2443922.334,6.25,0.6,16,Boundary Wall,,,,,,
CMC-1018,503019.409,2443924.07,6.25,0.6,16,Boundary Wall,,,,,,
CMC-1019,503018.415,2443925.805,6.25,0.6,16,Boundary Wall,,,,,,
CMC-1020,503017.421,2443927.54,6.25,0.6,16,Boundary Wall,,,,,,
CMC-1021,503016.426,2443929.276,6.25,0.6,16,Boundary Wall,,,,,,
CMC-1022,503015.432,2443931.011,6.25,0.6,16,Boundary Wall,,,,,,
CMC-1023,503014.437,2443932.746,6.25,0.6,16,Boundary Wall,,,,,,
CMC-1024,503013.443,2443934.482,6.25,0.6,16,Boundary Wall,,,,,,
CMC-1025,503012.448,2443936.217,6.25,0.6,16,Boundary Wall,,,,,,
CMC-1026,503011.454,2443937.952,6.25,0.6,16,Boundary Wall,,,,,,
CMC-1027,503010.459,2443939.688,6.25,0.6,16,Boundary Wall,,,,,,
CMC-1028,503009.465,2443941.423,6.25,0.6,16,Boundary Wall,,,,,,
CMC-1029,503008.47,2443943.159,6.25,0.6,16,Boundary Wall,,,,,,
CMC-1030,503007.476,2443944.894,6.25,0.6,16,Boundary Wall,,,,,,
CMC-1031,503006.481,2443946.629,6.25,0.6,16,Boundary Wall,,,,,,
CMC-1032,503005.487,2443948.365,6.25,0.6,16,Boundary Wall,,,,,,
CMC-1033,503004.492,2443950.1,6.25,0.6,16,Boundary Wall,,,,,,
CMC-1034,503003.498,2443951.835,6.25,0.6,16,Boundary Wall,,,,,,
CMC-1035,503002.504,2443953.571,6.25,0.6,16,Boundary Wall,,,,,,
CMC-1036,503001.509,2443955.306,6.25,0.6,16,Boundary Wall,,,,,,
CMC-1037,503000.515,2443957.042,6.25,0.6,16,Boundary Wall,,,,,,
CMC-1038,502999.52,2443958.777,6.25,0.6,16,Boundary Wall,,,,,,
CMC-1039,502998.526,2443960.512,6.25,0.6,16,Boundary Wall,,,,,,
CMC-1040,502997.531,2443962.248,6.25,0.6,16,Boundary Wall,,,,,,
CMC-1041,502996.537,2443963.983,6.25,0.6,16,Boundary Wall,,,,,,
CMC-1042,502995.542,2443965.718,6.25,0.6,16,Boundary Wall,,,,,,
CMC-1043,502994.548,2443967.454,6.25,0.6,16,Boundary Wall,,,,,,
CMC-1045,502992.559,2443970.924,6.25,0.6,16,Boundary Wall,,,,,,
CMC-1046,503023.134,2443921.593,6.25,0.6,16,Boundary Wall,,,,,,
CMC-1047,503022.14,2443923.329,6.25,0.6,16,Boundary Wall,,,,,,
CMC-1048,503021.145,2443925.064,6.25,0.6,16,Boundary Wall,,,,,,
CMC-1049,503020.151,2443926.799,6.25,0.6,16,Boundary Wall,,,,,,
CMC-1050,503019.156,2443928.535,6.25,0.6,16,Boundary Wall,,,,,,
CMC-1051,503018.162,2443930.27,6.25,0.6,16,Boundary Wall,,,,,,
CMC-1052,503017.167,2443932.006,6.25,0.6,16,Boundary Wall,,,,,,
CMC-1053,503016.173,2443933.741,6.25,0.6,16,Boundary Wall,,,,,,
CMC-1054,503015.178,2443935.476,6.25,0.6,16,Boundary Wall,,,,,,
CMC-1055,503014.184,2443937.212,6.25,0.6,16,Boundary Wall,,,,,,
CMC-1056,503013.189,2443938.947,6.25,0.6,16,Boundary Wall,,,,,,
CMC-1057,503012.195,2443940.682,6.25,0.6,16,Boundary Wall,,,,,,
CMC-1058,503011.2,2443942.418,6.25,0.6,16,Boundary Wall,,,,,,
CMC-1059,503010.206,2443944.153,6.25,0.6,16,Boundary Wall,,,,,,
CMC-1060,503009.211,2443945.889,6.25,0.6,16,Boundary Wall,,,,,,
CMC-1061,503008.217,2443947.624,6.25,0.6,16,Boundary Wall,,,,,,
CMC-1062,503007.223,2443949.359,6.25,0.6,16,Boundary Wall,,,,,,
CMC-1063,503006.228,2443951.095,6.25,0.6,16,Boundary Wall,,,,,,
CMC-1064,503005.234,2443952.83,6.25,0.6,16,Boundary Wall,,,,,,
CMC-1065,503004.239,2443954.565,6.25,0.6,16,Boundary Wall,,,,,,
CMC-1066,503003.245,2443956.301,6.25,0.6,16,Boundary Wall,,,,,,
CMC-1067,503002.25,2443958.036,6.25,0.6,16,Boundary Wall,,,,,,
CMC-1068,503001.256,2443959.771,6.25,0.6,16,Boundary Wall,,,,,,
CMC-1069,503000.261,2443961.507,6.25,0.6,16,Boundary Wall,,,,,,
CMC-1070,502999.267,2443963.242,6.25,0.6,16,Boundary Wall,,,,,,
CMC-1071,502998.272,2443964.978,6.25,0.6,16,Boundary Wall,,,,,,
CMC-1072,502997.278,2443966.713,6.25,0.6,16,Boundary Wall,,,,,,
CMC-1073,502996.283,2443968.448,6.25,0.6,16,Boundary Wall,,,,,,
CMC-1075,502994.294,2443971.919,6.25,0.6,16,Boundary Wall,,,,,,
CMC-693,502982.418,2443944.366,6.25,0.6,17,Building Isolated Footing Foundation,,,,,,
CMC-694,502981.423,2443946.101,6.25,0.6,17,Building Isolated Footing Foundation,,,,,,
CMC-695,502980.429,2443947.837,6.25,0.6,17,Building Isolated Footing Foundation,,,,,,
CMC-696,502979.434,2443949.572,6.25,0.6,17,Building Isolated Footing Foundation,,,,,,
CMC-697,502978.44,2443951.307,6.25,0.6,17,Building Isolated Footing Foundation,,,,,,
CMC-698,502977.445,2443953.043,6.25,0.6,17,Building Isolated Footing Foundation,,,,,,
CMC-699,502976.451,2443954.778,6.25,0.6,17,Building Isolated Footing Foundation,,,,,,
CMC-728,502984.153,2443945.36,6.25,0.6,17,Building Isolated Footing Foundation,,,,,,
CMC-729,502983.159,2443947.096,6.25,0.6,17,Building Isolated Footing Foundation,,,,,,
CMC-730,502982.164,2443948.831,6.25,0.6,17,Building Isolated Footing Foundation,,,,,,
CMC-731,502981.17,2443950.567,6.25,0.6,17,Building Isolated Footing Foundation,,,,,,
CMC-732,502980.175,2443952.302,6.25,0.6,17,Building Isolated Footing Foundation,,,,,,
CMC-733,502979.181,2443954.037,6.25,0.6,17,Building Isolated Footing Foundation,,,,,,
CMC-734,502978.187,2443955.773,6.25,0.6,17,Building Isolated Footing Foundation,,,,,,
CMC-758,502985.889,2443946.355,6.25,0.6,17,Building Isolated Footing Foundation,,,,,,
CMC-759,502984.894,2443948.09,6.25,0.6,17,Building Isolated Footing Foundation,,,,,,
CMC-760,502983.9,2443949.826,6.25,0.6,17,Building Isolated Footing Foundation,,,,,,
CMC-761,502982.906,2443951.561,6.25,0.6,17,Building Isolated Footing Foundation,,,,,,
CMC-762,502981.911,2443953.296,6.25,0.6,17,Building Isolated Footing Foundation,,,,,,
CMC-763,502980.917,2443955.032,6.25,0.6,17,Building Isolated Footing Foundation,,,,,,
CMC-764,502979.922,2443956.767,6.25,0.6,17,Building Isolated Footing Foundation,,,,,,
CMC-788,502987.625,2443947.35,6.25,0.6,17,Building Isolated Footing Foundation,,,,,,
CMC-789,502986.63,2443949.085,6.25,0.6,17,Building Isolated Footing Foundation,,,,,,
CMC-790,502985.636,2443950.82,6.25,0.6,17,Building Isolated Footing Foundation,,,,,,
CMC-791,502984.641,2443952.556,6.25,0.6,17,Building Isolated Footing Foundation,,,,,,
CMC-792,502983.647,2443954.291,6.25,0.6,17,Building Isolated Footing Foundation,,,,,,
CMC-793,502982.652,2443956.026,6.25,0.6,17,Building Isolated Footing Foundation,,,,,,
CMC-794,502981.658,2443957.762,6.25,0.6,17,Building Isolated Footing Foundation,,,,,,
CMC-817,502989.36,2443948.344,6.25,0.6,17,Building Isolated Footing Foundation,,,,,,
CMC-818,502988.366,2443950.08,6.25,0.6,17,Building Isolated Footing Foundation,,,,,,
CMC-819,502987.371,2443951.815,6.25,0.6,17,Building Isolated Footing Foundation,,,,,,
CMC-820,502986.377,2443953.55,6.25,0.6,17,Building Isolated Footing Foundation,,,,,,
CMC-821,502985.382,2443955.286,6.25,0.6,17,Building Isolated Footing Foundation,,,,,,
CMC-822,502984.388,2443957.021,6.25,0.6,17,Building Isolated Footing Foundation,,,,,,
CMC-823,502983.393,2443958.756,6.25,0.6,17,Building Isolated Footing Foundation,,,,,,
CMC-853,502991.096,2443949.339,6.25,0.6,17,Building Isolated Footing Foundation,,,,,,
CMC-854,502990.101,2443951.074,6.25,0.6,17,Building Isolated Footing Foundation,,,,,,
CMC-855,502989.107,2443952.809,6.25,0.6,17,Building Isolated Footing Foundation,,,,,,
CMC-856,502988.112,2443954.545,6.25,0.6,17,Building Isolated Footing Foundation,,,,,,
CMC-857,502987.118,2443956.28,6.25,0.6,17,Building Isolated Footing Foundation,,,,,,
CMC-858,502986.123,2443958.016,6.25,0.6,17,Building Isolated Footing Foundation,,,,,,
CMC-859,502985.129,2443959.751,6.25,0.6,17,Building Isolated Footing Foundation,,,,,,
CMC-884,502992.831,2443950.333,6.25,0.6,17,Building Isolated Footing Foundation,,,,,,
CMC-885,502991.837,2443952.069,6.25,0.6,17,Building Isolated Footing Foundation,,,,,,
CMC-886,502990.842,2443953.804,6.25,0.6,17,Building Isolated Footing Foundation,,,,,,
CMC-887,502989.848,2443955.539,6.25,0.6,17,Building Isolated Footing Foundation,,,,,,
CMC-888,502988.853,2443957.275,6.25,0.6,17,Building Isolated Footing Foundation,,,,,,
CMC-889,502987.859,2443959.01,6.25,0.6,17,Building Isolated Footing Foundation,,,,,,
CMC-890,502986.864,2443960.746,6.25,0.6,17,Building Isolated Footing Foundation,,,,,,
CMC-915,502994.567,2443951.328,6.25,0.6,17,Building Isolated Footing Foundation,,,,,,
CMC-916,502993.572,2443953.063,6.25,0.6,17,Building Isolated Footing Foundation,,,,,,
CMC-917,502992.578,2443954.799,6.25,0.6,17,Building Isolated Footing Foundation,,,,,,
CMC-918,502991.583,2443956.534,6.25,0.6,17,Building Isolated Footing Foundation,,,,,,
CMC-919,502990.589,2443958.269,6.25,0.6,17,Building Isolated Footing Foundation,,,,,,
CMC-920,502989.594,2443960.005,6.25,0.6,17,Building Isolated Footing Foundation,,,,,,
CMC-921,502988.6,2443961.74,6.25,0.6,17,Building Isolated Footing Foundation,,,,,,
CMC-946,502996.302,2443952.322,6.25,0.6,17,Building Isolated Footing Foundation,,,,,,
CMC-947,502995.308,2443954.058,6.25,0.6,17,Building Isolated Footing Foundation,,,,,,
CMC-948,502994.313,2443955.793,6.25,0.6,17,Building Isolated Footing Foundation,,,,,,
CMC-949,502993.319,2443957.529,6.25,0.6,17,Building Isolated Footing Foundation,,,,,,
CMC-950,502992.324,2443959.264,6.25,0.6,17,Building Isolated Footing Foundation,,,,,,
CMC-951,502991.33,2443960.999,6.25,0.6,17,Building Isolated Footing Foundation,,,,,,
CMC-952,502990.336,2443962.735,6.25,0.6,17,Building Isolated Footing Foundation,,,,,,
CMC-976,502998.038,2443953.317,6.25,0.6,17,Building Isolated Footing Foundation,,,,,,
CMC-977,502997.043,2443955.052,6.25,0.6,17,Building Isolated Footing Foundation,,,,,,
CMC-978,502996.049,2443956.788,6.25,0.6,17,Building Isolated Footing Foundation,,,,,,
CMC-979,502995.055,2443958.523,6.25,0.6,17,Building Isolated Footing Foundation,,,,,,
CMC-980,502994.06,2443960.258,6.25,0.6,17,Building Isolated Footing Foundation,,,,,,
CMC-981,502993.066,2443961.994,6.25,0.6,17,Building Isolated Footing Foundation,,,,,,
CMC-982,502992.071,2443963.729,6.25,0.6,17,Building Isolated Footing Foundation,,,,,,
CMC-278,502974.772,2443905.406,6.25,0.6,18.5,Building Raft Foundation,,,,,,
CMC-279,502973.778,2443907.141,6.25,0.6,18.5,Building Raft Foundation,,,,,,
CMC-280,502972.783,2443908.877,6.25,0.6,18.5,Building Raft Foundation,,,,,,
CMC-281,502971.789,2443910.612,6.25,0.6,18.5,Building Raft Foundation,,,,,,
CMC-282,502970.794,2443912.347,6.25,0.6,18.5,Building Raft Foundation,,,,,,
CMC-283,502969.8,2443914.083,6.25,0.6,18.5,Building Raft Foundation,,,,,,
CMC-284,502968.806,2443915.818,6.25,0.6,18.5,Building Raft Foundation,,,,,,
CMC-285,502967.811,2443917.554,6.25,0.6,18.5,Building Raft Foundation,,,,,,
CMC-286,502966.817,2443919.289,6.25,0.6,18.5,Building Raft Foundation,,,,,,
CMC-287,502965.822,2443921.024,6.25,0.6,18.5,Building Raft Foundation,,,,,,
CMC-288,502964.828,2443922.76,6.25,0.6,18.5,Building Raft Foundation,,,,,,
CMC-289,502963.833,2443924.495,6.25,0.6,18.5,Building Raft Foundation,,,,,,
CMC-290,502962.839,2443926.23,6.25,0.6,18.5,Building Raft Foundation,,,,,,
CMC-291,502961.844,2443927.966,6.25,0.6,18.5,Building Raft Foundation,,,,,,
CMC-292,502960.85,2443929.701,6.25,0.6,18.5,Building Raft Foundation,,,,,,
CMC-293,502959.855,2443931.436,6.25,0.6,18.5,Building Raft Foundation,,,,,,
CMC-294,502958.861,2443933.172,6.25,0.6,18.5,Building Raft Foundation,,,,,,
CMC-295,502957.866,2443934.907,6.25,0.6,18.5,Building Raft Foundation,,,,,,
CMC-296,502956.872,2443936.643,6.25,0.6,18.5,Building Raft Foundation,,,,,,
CMC-297,502955.877,2443938.378,6.25,0.6,18.5,Building Raft Foundation,,,,,,
CMC-308,502976.508,2443906.401,6.25,0.6,18.5,Building Raft Foundation,,,,,,
CMC-309,502975.513,2443908.136,6.25,0.6,18.5,Building Raft Foundation,,,,,,
CMC-310,502974.519,2443909.871,6.25,0.6,18.5,Building Raft Foundation,,,,,,
CMC-311,502973.525,2443911.607,6.25,0.6,18.5,Building Raft Foundation,,,,,,
CMC-312,502972.53,2443913.342,6.25,0.6,18.5,Building Raft Foundation,,,,,,
CMC-313,502971.536,2443915.077,6.25,0.6,18.5,Building Raft Foundation,,,,,,
CMC-314,502970.541,2443916.813,6.25,0.6,18.5,Building Raft Foundation,,,,,,
CMC-315,502969.547,2443918.548,6.25,0.6,18.5,Building Raft Foundation,,,,,,
CMC-316,502968.552,2443920.283,6.25,0.6,18.5,Building Raft Foundation,,,,,,
CMC-317,502967.558,2443922.019,6.25,0.6,18.5,Building Raft Foundation,,,,,,
CMC-318,502966.563,2443923.754,6.25,0.6,18.5,Building Raft Foundation,,,,,,
CMC-319,502965.569,2443925.49,6.25,0.6,18.5,Building Raft Foundation,,,,,,
CMC-320,502964.574,2443927.225,6.25,0.6,18.5,Building Raft Foundation,,,,,,
CMC-321,502963.58,2443928.96,6.25,0.6,18.5,Building Raft Foundation,,,,,,
CMC-322,502962.585,2443930.696,6.25,0.6,18.5,Building Raft Foundation,,,,,,
CMC-323,502961.591,2443932.431,6.25,0.6,18.5,Building Raft Foundation,,,,,,
CMC-324,502960.596,2443934.166,6.25,0.6,18.5,Building Raft Foundation,,,,,,
CMC-325,502959.602,2443935.902,6.25,0.6,18.5,Building Raft Foundation,,,,,,
CMC-326,502958.608,2443937.637,6.25,0.6,18.5,Building Raft Foundation,,,,,,
CMC-327,502957.613,2443939.372,6.25,0.6,18.5,Building Raft Foundation,,,,,,
CMC-341,502976.255,2443910.866,6.25,0.6,18.5,Building Raft Foundation,,,,,,
CMC-342,502975.26,2443912.601,6.25,0.6,18.5,Building Raft Foundation,,,,,,
CMC-343,502974.266,2443914.337,6.25,0.6,18.5,Building Raft Foundation,,,,,,
CMC-344,502973.271,2443916.072,6.25,0.6,18.5,Building Raft Foundation,,,,,,
CMC-345,502972.277,2443917.807,6.25,0.6,18.5,Building Raft Foundation,,,,,,
CMC-346,502971.282,2443919.543,6.25,0.6,18.5,Building Raft Foundation,,,,,,
CMC-347,502970.288,2443921.278,6.25,0.6,18.5,Building Raft Foundation,,,,,,
CMC-348,502969.293,2443923.013,6.25,0.6,18.5,Building Raft Foundation,,,,,,
CMC-349,502968.299,2443924.749,6.25,0.6,18.5,Building Raft Foundation,,,,,,
CMC-350,502967.304,2443926.484,6.25,0.6,18.5,Building Raft Foundation,,,,,,
CMC-351,502966.31,2443928.219,6.25,0.6,18.5,Building Raft Foundation,,,,,,
CMC-352,502965.315,2443929.955,6.25,0.6,18.5,Building Raft Foundation,,,,,,
CMC-353,502964.321,2443931.69,6.25,0.6,18.5,Building Raft Foundation,,,,,,
CMC-354,502963.327,2443933.426,6.25,0.6,18.5,Building Raft Foundation,,,,,,
CMC-355,502962.332,2443935.161,6.25,0.6,18.5,Building Raft Foundation,,,,,,
CMC-356,502961.338,2443936.896,6.25,0.6,18.5,Building Raft Foundation,,,,,,
CMC-357,502960.343,2443938.632,6.25,0.6,18.5,Building Raft Foundation,,,,,,
CMC-358,502959.349,2443940.367,6.25,0.6,18.5,Building Raft Foundation,,,,,,
CMC-372,502977.99,2443911.86,6.25,0.6,18.5,Building Raft Foundation,,,,,,
CMC-373,502976.996,2443913.596,6.25,0.6,18.5,Building Raft Foundation,,,,,,
CMC-374,502976.001,2443915.331,6.25,0.6,18.5,Building Raft Foundation,,,,,,
CMC-375,502975.007,2443917.066,6.25,0.6,18.5,Building Raft Foundation,,,,,,
CMC-376,502974.012,2443918.802,6.25,0.6,18.5,Building Raft Foundation,,,,,,
CMC-377,502973.018,2443920.537,6.25,0.6,18.5,Building Raft Foundation,,,,,,
CMC-378,502972.023,2443922.273,6.25,0.6,18.5,Building Raft Foundation,,,,,,
CMC-379,502971.029,2443924.008,6.25,0.6,18.5,Building Raft Foundation,,,,,,
CMC-380,502970.034,2443925.743,6.25,0.6,18.5,Building Raft Foundation,,,,,,
CMC-381,502969.04,2443927.479,6.25,0.6,18.5,Building Raft Foundation,,,,,,
CMC-382,502968.045,2443929.214,6.25,0.6,18.5,Building Raft Foundation,,,,,,
CMC-383,502967.051,2443930.949,6.25,0.6,18.5,Building Raft Foundation,,,,,,
CMC-384,502966.057,2443932.685,6.25,0.6,18.5,Building Raft Foundation,,,,,,
CMC-385,502965.062,2443934.42,6.25,0.6,18.5,Building Raft Foundation,,,,,,
CMC-386,502964.068,2443936.156,6.25,0.6,18.5,Building Raft Foundation,,,,,,
CMC-387,502963.073,2443937.891,6.25,0.6,18.5,Building Raft Foundation,,,,,,
CMC-388,502962.079,2443939.626,6.25,0.6,18.5,Building Raft Foundation,,,,,,
CMC-389,502961.084,2443941.362,6.25,0.6,18.5,Building Raft Foundation,,,,,,
CMC-403,502979.726,2443912.855,6.25,0.6,18.5,Building Raft Foundation,,,,,,
CMC-404,502978.731,2443914.59,6.25,0.6,18.5,Building Raft Foundation,,,,,,
CMC-405,502977.737,2443916.326,6.25,0.6,18.5,Building Raft Foundation,,,,,,
CMC-406,502976.742,2443918.061,6.25,0.6,18.5,Building Raft Foundation,,,,,,
CMC-407,502975.748,2443919.796,6.25,0.6,18.5,Building Raft Foundation,,,,,,
CMC-408,502974.753,2443921.532,6.25,0.6,18.5,Building Raft Foundation,,,,,,
CMC-409,502973.759,2443923.267,6.25,0.6,18.5,Building Raft Foundation,,,,,,
CMC-410,502972.764,2443925.003,6.25,0.6,18.5,Building Raft Foundation,,,,,,
CMC-411,502971.77,2443926.738,6.25,0.6,18.5,Building Raft Foundation,,,,,,
CMC-412,502970.776,2443928.473,6.25,0.6,18.5,Building Raft Foundation,,,,,,
CMC-413,502969.781,2443930.209,6.25,0.6,18.5,Building Raft Foundation,,,,,,
CMC-414,502968.787,2443931.944,6.25,0.6,18.5,Building Raft Foundation,,,,,,
CMC-415,502967.792,2443933.679,6.25,0.6,18.5,Building Raft Foundation,,,,,,
CMC-416,502966.798,2443935.415,6.25,0.6,18.5,Building Raft Foundation,,,,,,
CMC-417,502965.803,2443937.15,6.25,0.6,18.5,Building Raft Foundation,,,,,,
CMC-418,502964.809,2443938.885,6.25,0.6,18.5,Building Raft Foundation,,,,,,
CMC-419,502963.814,2443940.621,6.25,0.6,18.5,Building Raft Foundation,,,,,,
CMC-420,502962.82,2443942.356,6.25,0.6,18.5,Building Raft Foundation,,,,,,
CMC-434,502981.461,2443913.85,6.25,0.6,18.5,Building Raft Foundation,,,,,,
CMC-435,502980.467,2443915.585,6.25,0.6,18.5,Building Raft Foundation,,,,,,
CMC-436,502979.472,2443917.32,6.25,0.6,18.5,Building Raft Foundation,,,,,,
CMC-437,502978.478,2443919.056,6.25,0.6,18.5,Building Raft Foundation,,,,,,
CMC-438,502977.483,2443920.791,6.25,0.6,18.5,Building Raft Foundation,,,,,,
CMC-439,502976.489,2443922.526,6.25,0.6,18.5,Building Raft Foundation,,,,,,
CMC-440,502975.494,2443924.262,6.25,0.6,18.5,Building Raft Foundation,,,,,,
CMC-441,502974.5,2443925.997,6.25,0.6,18.5,Building Raft Foundation,,,,,,
CMC-442,502973.506,2443927.732,6.25,0.6,18.5,Building Raft Foundation,,,,,,
CMC-443,502972.511,2443929.468,6.25,0.6,18.5,Building Raft Foundation,,,,,,
CMC-444,502971.517,2443931.203,6.25,0.6,18.5,Building Raft Foundation,,,,,,
CMC-445,502970.522,2443932.939,6.25,0.6,18.5,Building Raft Foundation,,,,,,
CMC-446,502969.528,2443934.674,6.25,0.6,18.5,Building Raft Foundation,,,,,,
CMC-447,502968.533,2443936.409,6.25,0.6,18.5,Building Raft Foundation,,,,,,
CMC-448,502967.539,2443938.145,6.25,0.6,18.5,Building Raft Foundation,,,,,,
CMC-449,502966.544,2443939.88,6.25,0.6,18.5,Building Raft Foundation,,,,,,
CMC-450,502965.55,2443941.615,6.25,0.6,18.5,Building Raft Foundation,,,,,,
CMC-451,502964.555,2443943.351,6.25,0.6,18.5,Building Raft Foundation,,,,,,
CMC-465,502983.197,2443914.844,6.25,0.6,18.5,Building Raft Foundation,,,,,,
CMC-466,502982.202,2443916.579,6.25,0.6,18.5,Building Raft Foundation,,,,,,
CMC-467,502981.208,2443918.315,6.25,0.6,18.5,Building Raft Foundation,,,,,,
CMC-468,502980.213,2443920.05,6.25,0.6,18.5,Building Raft Foundation,,,,,,
CMC-469,502979.219,2443921.786,6.25,0.6,18.5,Building Raft Foundation,,,,,,
CMC-470,502978.225,2443923.521,6.25,0.6,18.5,Building Raft Foundation,,,,,,
CMC-471,502977.23,2443925.256,6.25,0.6,18.5,Building Raft Foundation,,,,,,
CMC-472,502976.236,2443926.992,6.25,0.6,18.5,Building Raft Foundation,,,,,,
CMC-473,502975.241,2443928.727,6.25,0.6,18.5,Building Raft Foundation,,,,,,
CMC-474,502974.247,2443930.462,6.25,0.6,18.5,Building Raft Foundation,,,,,,
CMC-475,502973.252,2443932.198,6.25,0.6,18.5,Building Raft Foundation,,,,,,
CMC-476,502972.258,2443933.933,6.25,0.6,18.5,Building Raft Foundation,,,,,,
CMC-477,502971.263,2443935.669,6.25,0.6,18.5,Building Raft Foundation,,,,,,
CMC-478,502970.269,2443937.404,6.25,0.6,18.5,Building Raft Foundation,,,,,,
CMC-479,502969.274,2443939.139,6.25,0.6,18.5,Building Raft Foundation,,,,,,
CMC-480,502968.28,2443940.875,6.25,0.6,18.5,Building Raft Foundation,,,,,,
CMC-481,502967.285,2443942.61,6.25,0.6,18.5,Building Raft Foundation,,,,,,
CMC-482,502966.291,2443944.345,6.25,0.6,18.5,Building Raft Foundation,,,,,,
CMC-493,502986.921,2443912.368,6.25,0.6,18.5,Building Raft Foundation,,,,,,
CMC-494,502985.927,2443914.103,6.25,0.6,18.5,Building Raft Foundation,,,,,,
CMC-495,502984.932,2443915.839,6.25,0.6,18.5,Building Raft Foundation,,,,,,
CMC-496,502983.938,2443917.574,6.25,0.6,18.5,Building Raft Foundation,,,,,,
CMC-497,502982.943,2443919.309,6.25,0.6,18.5,Building Raft Foundation,,,,,,
CMC-498,502981.949,2443921.045,6.25,0.6,18.5,Building Raft Foundation,,,,,,
CMC-499,502980.955,2443922.78,6.25,0.6,18.5,Building Raft Foundation,,,,,,
CMC-500,502979.96,2443924.516,6.25,0.6,18.5,Building Raft Foundation,,,,,,
CMC-501,502978.966,2443926.251,6.25,0.6,18.5,Building Raft Foundation,,,,,,
CMC-502,502977.971,2443927.986,6.25,0.6,18.5,Building Raft Foundation,,,,,,
CMC-503,502976.977,2443929.722,6.25,0.6,18.5,Building Raft Foundation,,,,,,
CMC-504,502975.982,2443931.457,6.25,0.6,18.5,Building Raft Foundation,,,,,,
CMC-505,502974.988,2443933.192,6.25,0.6,18.5,Building Raft Foundation,,,,,,
CMC-506,502973.993,2443934.928,6.25,0.6,18.5,Building Raft Foundation,,,,,,
CMC-507,502972.999,2443936.663,6.25,0.6,18.5,Building Raft Foundation,,,,,,
CMC-508,502972.004,2443938.398,6.25,0.6,18.5,Building Raft Foundation,,,,,,
CMC-509,502971.01,2443940.134,6.25,0.6,18.5,Building Raft Foundation,,,,,,
CMC-510,502970.015,2443941.869,6.25,0.6,18.5,Building Raft Foundation,,,,,,
CMC-511,502969.021,2443943.605,6.25,0.6,18.5,Building Raft Foundation,,,,,,
CMC-512,502968.026,2443945.34,6.25,0.6,18.5,Building Raft Foundation,,,,,,
CMC-523,502988.657,2443913.363,6.25,0.6,18.5,Building Raft Foundation,,,,,,
CMC-524,502987.662,2443915.098,6.25,0.6,18.5,Building Raft Foundation,,,,,,
CMC-525,502986.668,2443916.833,6.25,0.6,18.5,Building Raft Foundation,,,,,,
CMC-526,502985.674,2443918.569,6.25,0.6,18.5,Building Raft Foundation,,,,,,
CMC-527,502984.679,2443920.304,6.25,0.6,18.5,Building Raft Foundation,,,,,,
CMC-528,502983.685,2443922.039,6.25,0.6,18.5,Building Raft Foundation,,,,,,
CMC-529,502982.69,2443923.775,6.25,0.6,18.5,Building Raft Foundation,,,,,,
CMC-530,502981.696,2443925.51,6.25,0.6,18.5,Building Raft Foundation,,,,,,
CMC-531,502980.701,2443927.245,6.25,0.6,18.5,Building Raft Foundation,,,,,,
CMC-532,502979.707,2443928.981,6.25,0.6,18.5,Building Raft Foundation,,,,,,
CMC-533,502978.712,2443930.716,6.25,0.6,18.5,Building Raft Foundation,,,,,,
CMC-534,502977.718,2443932.452,6.25,0.6,18.5,Building Raft Foundation,,,,,,
CMC-535,502976.723,2443934.187,6.25,0.6,18.5,Building Raft Foundation,,,,,,
CMC-536,502975.729,2443935.922,6.25,0.6,18.5,Building Raft Foundation,,,,,,
CMC-537,502974.734,2443937.658,6.25,0.6,18.5,Building Raft Foundation,,,,,,
CMC-538,502973.74,2443939.393,6.25,0.6,18.5,Building Raft Foundation,,,,,,
CMC-539,502972.745,2443941.128,6.25,0.6,18.5,Building Raft Foundation,,,,,,
CMC-540,502971.751,2443942.864,6.25,0.6,18.5,Building Raft Foundation,,,,,,
CMC-541,502970.757,2443944.599,6.25,0.6,18.5,Building Raft Foundation,,,,,,
CMC-542,502969.762,2443946.334,6.25,0.6,18.5,Building Raft Foundation,,,,,,
CMC-556,502988.404,2443917.828,6.25,0.6,18.5,Building Raft Foundation,,,,,,
CMC-557,502987.409,2443919.563,6.25,0.6,18.5,Building Raft Foundation,,,,,,
CMC-558,502986.415,2443921.299,6.25,0.6,18.5,Building Raft Foundation,,,,,,
CMC-559,502985.42,2443923.034,6.25,0.6,18.5,Building Raft Foundation,,,,,,
CMC-560,502984.426,2443924.769,6.25,0.6,18.5,Building Raft Foundation,,,,,,
CMC-561,502983.431,2443926.505,6.25,0.6,18.5,Building Raft Foundation,,,,,,
CMC-562,502982.437,2443928.24,6.25,0.6,18.5,Building Raft Foundation,,,,,,
CMC-563,502981.442,2443929.975,6.25,0.6,18.5,Building Raft Foundation,,,,,,
CMC-564,502980.448,2443931.711,6.25,0.6,18.5,Building Raft Foundation,,,,,,
CMC-565,502979.453,2443933.446,6.25,0.6,18.5,Building Raft Foundation,,,,,,
CMC-566,502978.459,2443935.181,6.25,0.6,18.5,Building Raft Foundation,,,,,,
CMC-567,502977.464,2443936.917,6.25,0.6,18.5,Building Raft Foundation,,,,,,
CMC-568,502976.47,2443938.652,6.25,0.6,18.5,Building Raft Foundation,,,,,,
CMC-569,502975.476,2443940.388,6.25,0.6,18.5,Building Raft Foundation,,,,,,
CMC-570,502974.481,2443942.123,6.25,0.6,18.5,Building Raft Foundation,,,,,,
CMC-571,502973.487,2443943.858,6.25,0.6,18.5,Building Raft Foundation,,,,,,
CMC-572,502972.492,2443945.594,6.25,0.6,18.5,Building Raft Foundation,,,,,,
CMC-573,502971.498,2443947.329,6.25,0.6,18.5,Building Raft Foundation,,,,,,
CMC-587,502990.139,2443918.822,6.25,0.6,18.5,Building Raft Foundation,,,,,,
CMC-588,502989.145,2443920.558,6.25,0.6,18.5,Building Raft Foundation,,,,,,
CMC-589,502988.15,2443922.293,6.25,0.6,18.5,Building Raft Foundation,,,,,,
CMC-590,502987.156,2443924.028,6.25,0.6,18.5,Building Raft Foundation,,,,,,
CMC-591,502986.161,2443925.764,6.25,0.6,18.5,Building Raft Foundation,,,,,,
CMC-592,502985.167,2443927.499,6.25,0.6,18.5,Building Raft Foundation,,,,,,
CMC-593,502984.172,2443929.235,6.25,0.6,18.5,Building Raft Foundation,,,,,,
CMC-594,502983.178,2443930.97,6.25,0.6,18.5,Building Raft Foundation,,,,,,
CMC-595,502982.183,2443932.705,6.25,0.6,18.5,Building Raft Foundation,,,,,,
CMC-596,502981.189,2443934.441,6.25,0.6,18.5,Building Raft Foundation,,,,,,
CMC-597,502980.194,2443936.176,6.25,0.6,18.5,Building Raft Foundation,,,,,,
CMC-598,502979.2,2443937.911,6.25,0.6,18.5,Building Raft Foundation,,,,,,
CMC-599,502978.206,2443939.647,6.25,0.6,18.5,Building Raft Foundation,,,,,,
CMC-600,502977.211,2443941.382,6.25,0.6,18.5,Building Raft Foundation,,,,,,
CMC-601,502976.217,2443943.118,6.25,0.6,18.5,Building Raft Foundation,,,,,,
CMC-602,502975.222,2443944.853,6.25,0.6,18.5,Building Raft Foundation,,,,,,
CMC-603,502974.228,2443946.588,6.25,0.6,18.5,Building Raft Foundation,,,,,,
CMC-604,502973.233,2443948.324,6.25,0.6,18.5,Building Raft Foundation,,,,,,
CMC-618,502991.875,2443919.817,6.25,0.6,18.5,Building Raft Foundation,,,,,,
CMC-619,502990.88,2443921.552,6.25,0.6,18.5,Building Raft Foundation,,,,,,
CMC-620,502989.886,2443923.288,6.25,0.6,18.5,Building Raft Foundation,,,,,,
CMC-621,502988.891,2443925.023,6.25,0.6,18.5,Building Raft Foundation,,,,,,
CMC-622,502987.897,2443926.758,6.25,0.6,18.5,Building Raft Foundation,,,,,,
CMC-623,502986.902,2443928.494,6.25,0.6,18.5,Building Raft Foundation,,,,,,
CMC-624,502985.908,2443930.229,6.25,0.6,18.5,Building Raft Foundation,,,,,,
CMC-625,502984.913,2443931.965,6.25,0.6,18.5,Building Raft Foundation,,,,,,
CMC-626,502983.919,2443933.7,6.25,0.6,18.5,Building Raft Foundation,,,,,,
CMC-627,502982.925,2443935.435,6.25,0.6,18.5,Building Raft Foundation,,,,,,
CMC-628,502981.93,2443937.171,6.25,0.6,18.5,Building Raft Foundation,,,,,,
CMC-629,502980.936,2443938.906,6.25,0.6,18.5,Building Raft Foundation,,,,,,
CMC-630,502979.941,2443940.641,6.25,0.6,18.5,Building Raft Foundation,,,,,,
CMC-631,502978.947,2443942.377,6.25,0.6,18.5,Building Raft Foundation,,,,,,
CMC-632,502977.952,2443944.112,6.25,0.6,18.5,Building Raft Foundation,,,,,,
CMC-633,502976.958,2443945.847,6.25,0.6,18.5,Building Raft Foundation,,,,,,
CMC-634,502975.963,2443947.583,6.25,0.6,18.5,Building Raft Foundation,,,,,,
CMC-635,502974.969,2443949.318,6.25,0.6,18.5,Building Raft Foundation,,,,,,
CMC-649,502993.61,2443920.812,6.25,0.6,18.5,Building Raft Foundation,,,,,,
CMC-650,502992.616,2443922.547,6.25,0.6,18.5,Building Raft Foundation,,,,,,
CMC-651,502991.621,2443924.282,6.25,0.6,18.5,Building Raft Foundation,,,,,,
CMC-652,502990.627,2443926.018,6.25,0.6,18.5,Building Raft Foundation,,,,,,
CMC-653,502989.632,2443927.753,6.25,0.6,18.5,Building Raft Foundation,,,,,,
CMC-654,502988.638,2443929.488,6.25,0.6,18.5,Building Raft Foundation,,,,,,
CMC-655,502987.643,2443931.224,6.25,0.6,18.5,Building Raft Foundation,,,,,,
CMC-656,502986.649,2443932.959,6.25,0.6,18.5,Building Raft Foundation,,,,,,
CMC-657,502985.655,2443934.694,6.25,0.6,18.5,Building Raft Foundation,,,,,,
CMC-658,502984.66,2443936.43,6.25,0.6,18.5,Building Raft Foundation,,,,,,
CMC-659,502983.666,2443938.165,6.25,0.6,18.5,Building Raft Foundation,,,,,,
CMC-660,502982.671,2443939.901,6.25,0.6,18.5,Building Raft Foundation,,,,,,
CMC-661,502981.677,2443941.636,6.25,0.6,18.5,Building Raft Foundation,,,,,,
CMC-662,502980.682,2443943.371,6.25,0.6,18.5,Building Raft Foundation,,,,,,
CMC-663,502979.688,2443945.107,6.25,0.6,18.5,Building Raft Foundation,,,,,,
CMC-664,502978.693,2443946.842,6.25,0.6,18.5,Building Raft Foundation,,,,,,
CMC-665,502977.699,2443948.577,6.25,0.6,18.5,Building Raft Foundation,,,,,,
CMC-666,502976.704,2443950.313,6.25,0.6,18.5,Building Raft Foundation,,,,,,
CMC-680,502995.346,2443921.806,6.25,0.6,18.5,Building Raft Foundation,,,,,,
CMC-681,502994.351,2443923.541,6.25,0.6,18.5,Building Raft Foundation,,,,,,
CMC-682,502993.357,2443925.277,6.25,0.6,18.5,Building Raft Foundation,,,,,,
CMC-683,502992.362,2443927.012,6.25,0.6,18.5,Building Raft Foundation,,,,,,
CMC-684,502991.368,2443928.748,6.25,0.6,18.5,Building Raft Foundation,,,,,,
CMC-685,502990.374,2443930.483,6.25,0.6,18.5,Building Raft Foundation,,,,,,
CMC-686,502989.379,2443932.218,6.25,0.6,18.5,Building Raft Foundation,,,,,,
CMC-687,502988.385,2443933.954,6.25,0.6,18.5,Building Raft Foundation,,,,,,
CMC-688,502987.39,2443935.689,6.25,0.6,18.5,Building Raft Foundation,,,,,,
CMC-689,502986.396,2443937.424,6.25,0.6,18.5,Building Raft Foundation,,,,,,
CMC-690,502985.401,2443939.16,6.25,0.6,18.5,Building Raft Foundation,,,,,,
CMC-691,502984.407,2443940.895,6.25,0.6,18.5,Building Raft Foundation,,,,,,
CMC-692,502983.412,2443942.631,6.25,0.6,18.5,Building Raft Foundation,,,,,,
CMC-713,502999.07,2443919.33,6.25,0.6,18.5,Building Raft Foundation,,,,,,
CMC-714,502998.076,2443921.065,6.25,0.6,18.5,Building Raft Foundation,,,,,,
CMC-715,502997.081,2443922.801,6.25,0.6,18.5,Building Raft Foundation,,,,,,
CMC-716,502996.087,2443924.536,6.25,0.6,18.5,Building Raft Foundation,,,,,,
CMC-717,502995.092,2443926.271,6.25,0.6,18.5,Building Raft Foundation,,,,,,
CMC-718,502994.098,2443928.007,6.25,0.6,18.5,Building Raft Foundation,,,,,,
CMC-719,502993.104,2443929.742,6.25,0.6,18.5,Building Raft Foundation,,,,,,
CMC-720,502992.109,2443931.478,6.25,0.6,18.5,Building Raft Foundation,,,,,,
CMC-721,502991.115,2443933.213,6.25,0.6,18.5,Building Raft Foundation,,,,,,
CMC-722,502990.12,2443934.948,6.25,0.6,18.5,Building Raft Foundation,,,,,,
CMC-723,502989.126,2443936.684,6.25,0.6,18.5,Building Raft Foundation,,,,,,
CMC-724,502988.131,2443938.419,6.25,0.6,18.5,Building Raft Foundation,,,,,,
CMC-725,502987.137,2443940.154,6.25,0.6,18.5,Building Raft Foundation,,,,,,
CMC-726,502986.142,2443941.89,6.25,0.6,18.5,Building Raft Foundation,,,,,,
CMC-727,502985.148,2443943.625,6.25,0.6,18.5,Building Raft Foundation,,,,,,
CMC-743,503000.806,2443920.325,6.25,0.6,18.5,Building Raft Foundation,,,,,,
CMC-744,502999.811,2443922.06,6.25,0.6,18.5,Building Raft Foundation,,,,,,
CMC-745,502998.817,2443923.795,6.25,0.6,18.5,Building Raft Foundation,,,,,,
CMC-746,502997.823,2443925.531,6.25,0.6,18.5,Building Raft Foundation,,,,,,
CMC-747,502996.828,2443927.266,6.25,0.6,18.5,Building Raft Foundation,,,,,,
CMC-748,502995.834,2443929.001,6.25,0.6,18.5,Building Raft Foundation,,,,,,
CMC-749,502994.839,2443930.737,6.25,0.6,18.5,Building Raft Foundation,,,,,,
CMC-750,502993.845,2443932.472,6.25,0.6,18.5,Building Raft Foundation,,,,,,
CMC-751,502992.85,2443934.207,6.25,0.6,18.5,Building Raft Foundation,,,,,,
CMC-752,502991.856,2443935.943,6.25,0.6,18.5,Building Raft Foundation,,,,,,
CMC-753,502990.861,2443937.678,6.25,0.6,18.5,Building Raft Foundation,,,,,,
CMC-754,502989.867,2443939.414,6.25,0.6,18.5,Building Raft Foundation,,,,,,
CMC-755,502988.872,2443941.149,6.25,0.6,18.5,Building Raft Foundation,,,,,,
CMC-756,502987.878,2443942.884,6.25,0.6,18.5,Building Raft Foundation,,,,,,
CMC-757,502986.883,2443944.62,6.25,0.6,18.5,Building Raft Foundation,,,,,,
CMC-773,503002.542,2443921.319,6.25,0.6,18.5,Building Raft Foundation,,,,,,
CMC-774,503001.547,2443923.054,6.25,0.6,18.5,Building Raft Foundation,,,,,,
CMC-775,503000.553,2443924.79,6.25,0.6,18.5,Building Raft Foundation,,,,,,
CMC-776,502999.558,2443926.525,6.25,0.6,18.5,Building Raft Foundation,,,,,,
CMC-777,502998.564,2443928.261,6.25,0.6,18.5,Building Raft Foundation,,,,,,
CMC-778,502997.569,2443929.996,6.25,0.6,18.5,Building Raft Foundation,,,,,,
CMC-779,502996.575,2443931.731,6.25,0.6,18.5,Building Raft Foundation,,,,,,
CMC-780,502995.58,2443933.467,6.25,0.6,18.5,Building Raft Foundation,,,,,,
CMC-781,502994.586,2443935.202,6.25,0.6,18.5,Building Raft Foundation,,,,,,
CMC-782,502993.591,2443936.937,6.25,0.6,18.5,Building Raft Foundation,,,,,,
CMC-783,502992.597,2443938.673,6.25,0.6,18.5,Building Raft Foundation,,,,,,
CMC-784,502991.602,2443940.408,6.25,0.6,18.5,Building Raft Foundation,,,,,,
CMC-785,502990.608,2443942.143,6.25,0.6,18.5,Building Raft Foundation,,,,,,
CMC-786,502989.613,2443943.879,6.25,0.6,18.5,Building Raft Foundation,,,,,,
CMC-787,502988.619,2443945.614,6.25,0.6,18.5,Building Raft Foundation,,,,,,
CMC-804,503002.288,2443925.784,6.25,0.6,18.5,Building Raft Foundation,,,,,,
CMC-805,503001.294,2443927.52,6.25,0.6,18.5,Building Raft Foundation,,,,,,
CMC-806,503000.299,2443929.255,6.25,0.6,18.5,Building Raft Foundation,,,,,,
CMC-807,502999.305,2443930.99,6.25,0.6,18.5,Building Raft Foundation,,,,,,
CMC-808,502998.31,2443932.726,6.25,0.6,18.5,Building Raft Foundation,,,,,,
CMC-809,502997.316,2443934.461,6.25,0.6,18.5,Building Raft Foundation,,,,,,
CMC-810,502996.321,2443936.197,6.25,0.6,18.5,Building Raft Foundation,,,,,,
CMC-811,502995.327,2443937.932,6.25,0.6,18.5,Building Raft Foundation,,,,,,
CMC-812,502994.332,2443939.667,6.25,0.6,18.5,Building Raft Foundation,,,,,,
CMC-813,502993.338,2443941.403,6.25,0.6,18.5,Building Raft Foundation,,,,,,
CMC-814,502992.343,2443943.138,6.25,0.6,18.5,Building Raft Foundation,,,,,,
CMC-815,502991.349,2443944.873,6.25,0.6,18.5,Building Raft Foundation,,,,,,
CMC-816,502990.355,2443946.609,6.25,0.6,18.5,Building Raft Foundation,,,,,,
CMC-840,503004.024,2443926.779,6.25,0.6,18.5,Building Raft Foundation,,,,,,
CMC-841,503003.029,2443928.514,6.25,0.6,18.5,Building Raft Foundation,,,,,,
CMC-842,503002.035,2443930.25,6.25,0.6,18.5,Building Raft Foundation,,,,,,
CMC-843,503001.04,2443931.985,6.25,0.6,18.5,Building Raft Foundation,,,,,,
CMC-844,503000.046,2443933.72,6.25,0.6,18.5,Building Raft Foundation,,,,,,
CMC-845,502999.051,2443935.456,6.25,0.6,18.5,Building Raft Foundation,,,,,,
CMC-846,502998.057,2443937.191,6.25,0.6,18.5,Building Raft Foundation,,,,,,
CMC-847,502997.062,2443938.927,6.25,0.6,18.5,Building Raft Foundation,,,,,,
CMC-848,502996.068,2443940.662,6.25,0.6,18.5,Building Raft Foundation,,,,,,
CMC-849,502995.074,2443942.397,6.25,0.6,18.5,Building Raft Foundation,,,,,,
CMC-850,502994.079,2443944.133,6.25,0.6,18.5,Building Raft Foundation,,,,,,
CMC-851,502993.085,2443945.868,6.25,0.6,18.5,Building Raft Foundation,,,,,,
CMC-852,502992.09,2443947.603,6.25,0.6,18.5,Building Raft Foundation,,,,,,
CMC-871,503005.759,2443927.774,6.25,0.6,18.5,Building Raft Foundation,,,,,,
CMC-872,503004.765,2443929.509,6.25,0.6,18.5,Building Raft Foundation,,,,,,
CMC-873,503003.77,2443931.244,6.25,0.6,18.5,Building Raft Foundation,,,,,,
CMC-874,503002.776,2443932.98,6.25,0.6,18.5,Building Raft Foundation,,,,,,
CMC-875,503001.781,2443934.715,6.25,0.6,18.5,Building Raft Foundation,,,,,,
CMC-876,503000.787,2443936.45,6.25,0.6,18.5,Building Raft Foundation,,,,,,
CMC-877,502999.792,2443938.186,6.25,0.6,18.5,Building Raft Foundation,,,,,,
CMC-878,502998.798,2443939.921,6.25,0.6,18.5,Building Raft Foundation,,,,,,
CMC-879,502997.804,2443941.656,6.25,0.6,18.5,Building Raft Foundation,,,,,,
CMC-880,502996.809,2443943.392,6.25,0.6,18.5,Building Raft Foundation,,,,,,
CMC-881,502995.815,2443945.127,6.25,0.6,18.5,Building Raft Foundation,,,,,,
CMC-882,502994.82,2443946.863,6.25,0.6,18.5,Building Raft Foundation,,,,,,
CMC-883,502993.826,2443948.598,6.25,0.6,18.5,Building Raft Foundation,,,,,,
CMC-902,503007.495,2443928.768,6.25,0.6,18.5,Building Raft Foundation,,,,,,
CMC-903,503006.5,2443930.503,6.25,0.6,18.5,Building Raft Foundation,,,,,,
CMC-904,503005.506,2443932.239,6.25,0.6,18.5,Building Raft Foundation,,,,,,
CMC-905,503004.511,2443933.974,6.25,0.6,18.5,Building Raft Foundation,,,,,,
CMC-906,503003.517,2443935.71,6.25,0.6,18.5,Building Raft Foundation,,,,,,
CMC-907,503002.523,2443937.445,6.25,0.6,18.5,Building Raft Foundation,,,,,,
CMC-908,503001.528,2443939.18,6.25,0.6,18.5,Building Raft Foundation,,,,,,
CMC-909,503000.534,2443940.916,6.25,0.6,18.5,Building Raft Foundation,,,,,,
CMC-910,502999.539,2443942.651,6.25,0.6,18.5,Building Raft Foundation,,,,,,
CMC-911,502998.545,2443944.386,6.25,0.6,18.5,Building Raft Foundation,,,,,,
CMC-912,502997.55,2443946.122,6.25,0.6,18.5,Building Raft Foundation,,,,,,
CMC-913,502996.556,2443947.857,6.25,0.6,18.5,Building Raft Foundation,,,,,,
CMC-914,502995.561,2443949.593,6.25,0.6,18.5,Building Raft Foundation,,,,,,
CMC-964,503009.972,2443932.493,6.25,0.6,12,Outdoor Foundation - Mid-E Pillar,,,,,,
CMC-965,503008.977,2443934.228,6.25,0.6,12,Outdoor Foundation - Mid-E Pillar,,,,,,
CMC-994,503011.707,2443933.487,6.25,0.6,12,Outdoor Foundation - Mid-E Pillar,,,,,,
CMC-995,503010.713,2443935.223,6.25,0.6,12,Outdoor Foundation - Mid-E Pillar,,,,,,
CMC-1,502971.356,2443909.558,6.25,0.6,12,Outdoor Foundation - Mid-W Pillar,,,,,,
CMC-1044,502993.553,2443969.189,6.25,0.6,12,Outdoor Foundation - NE Pillar,,,,,,
CMC-1074,502995.289,2443970.184,6.25,0.6,12,Outdoor Foundation - NE Pillar,,,,,,
CMC-211,502946.693,2443942.336,6.25,0.6,12,Outdoor Foundation - NW Pillar,,,,,,
CMC-241,502948.428,2443943.33,6.25,0.6,12,Outdoor Foundation - NW Pillar,,,,,,
CMC-333,502980.147,2443903.068,6.25,0.6,18.5,Power Transformer Foundation #1 (West),,,,,,
CMC-334,502979.252,2443904.63,6.25,0.6,18.5,Power Transformer Foundation #1 (West),,,,,,
CMC-335,502978.357,2443906.192,6.25,0.6,18.5,Power Transformer Foundation #1 (West),,,,,,
CMC-336,502977.462,2443907.754,6.25,0.6,18.5,Power Transformer Foundation #1 (West),,,,,,
CMC-337,502976.567,2443909.316,6.25,0.6,18.5,Power Transformer Foundation #1 (West),,,,,,
CMC-364,502981.709,2443903.963,6.25,0.6,18.5,Power Transformer Foundation #1 (West),,,,,,
CMC-365,502980.814,2443905.525,6.25,0.6,18.5,Power Transformer Foundation #1 (West),,,,,,
CMC-366,502979.919,2443907.087,6.25,0.6,18.5,Power Transformer Foundation #1 (West),,,,,,
CMC-367,502979.024,2443908.649,6.25,0.6,18.5,Power Transformer Foundation #1 (West),,,,,,
CMC-368,502978.129,2443910.211,6.25,0.6,18.5,Power Transformer Foundation #1 (West),,,,,,
CMC-395,502983.271,2443904.859,6.25,0.6,18.5,Power Transformer Foundation #1 (West),,,,,,
CMC-396,502982.376,2443906.42,6.25,0.6,18.5,Power Transformer Foundation #1 (West),,,,,,
CMC-397,502981.481,2443907.982,6.25,0.6,18.5,Power Transformer Foundation #1 (West),,,,,,
CMC-398,502980.586,2443909.544,6.25,0.6,18.5,Power Transformer Foundation #1 (West),,,,,,
CMC-399,502979.691,2443911.106,6.25,0.6,18.5,Power Transformer Foundation #1 (West),,,,,,
CMC-426,502984.833,2443905.754,6.25,0.6,18.5,Power Transformer Foundation #1 (West),,,,,,
CMC-427,502983.938,2443907.316,6.25,0.6,18.5,Power Transformer Foundation #1 (West),,,,,,
CMC-428,502983.043,2443908.877,6.25,0.6,18.5,Power Transformer Foundation #1 (West),,,,,,
CMC-429,502982.148,2443910.439,6.25,0.6,18.5,Power Transformer Foundation #1 (West),,,,,,
CMC-430,502981.253,2443912.001,6.25,0.6,18.5,Power Transformer Foundation #1 (West),,,,,,
CMC-457,502986.395,2443906.649,6.25,0.6,18.5,Power Transformer Foundation #1 (West),,,,,,
CMC-458,502985.5,2443908.211,6.25,0.6,18.5,Power Transformer Foundation #1 (West),,,,,,
CMC-459,502984.605,2443909.772,6.25,0.6,18.5,Power Transformer Foundation #1 (West),,,,,,
CMC-460,502983.71,2443911.334,6.25,0.6,18.5,Power Transformer Foundation #1 (West),,,,,,
CMC-461,502982.815,2443912.896,6.25,0.6,18.5,Power Transformer Foundation #1 (West),,,,,,
CMC-548,502992.643,2443910.229,6.25,0.6,18.5,Power Transformer Foundation #2 (Centre),,,,,,
CMC-549,502991.748,2443911.791,6.25,0.6,18.5,Power Transformer Foundation #2 (Centre),,,,,,
CMC-550,502990.853,2443913.353,6.25,0.6,18.5,Power Transformer Foundation #2 (Centre),,,,,,
CMC-551,502989.958,2443914.915,6.25,0.6,18.5,Power Transformer Foundation #2 (Centre),,,,,,
CMC-552,502989.063,2443916.477,6.25,0.6,18.5,Power Transformer Foundation #2 (Centre),,,,,,
CMC-579,502994.205,2443911.124,6.25,0.6,18.5,Power Transformer Foundation #2 (Centre),,,,,,
CMC-580,502993.31,2443912.686,6.25,0.6,18.5,Power Transformer Foundation #2 (Centre),,,,,,
CMC-581,502992.415,2443914.248,6.25,0.6,18.5,Power Transformer Foundation #2 (Centre),,,,,,
CMC-582,502991.52,2443915.81,6.25,0.6,18.5,Power Transformer Foundation #2 (Centre),,,,,,
CMC-583,502990.625,2443917.372,6.25,0.6,18.5,Power Transformer Foundation #2 (Centre),,,,,,
CMC-610,502995.767,2443912.019,6.25,0.6,18.5,Power Transformer Foundation #2 (Centre),,,,,,
CMC-611,502994.872,2443913.581,6.25,0.6,18.5,Power Transformer Foundation #2 (Centre),,,,,,
CMC-612,502993.977,2443915.143,6.25,0.6,18.5,Power Transformer Foundation #2 (Centre),,,,,,
CMC-613,502993.082,2443916.705,6.25,0.6,18.5,Power Transformer Foundation #2 (Centre),,,,,,
CMC-614,502992.187,2443918.267,6.25,0.6,18.5,Power Transformer Foundation #2 (Centre),,,,,,
CMC-641,502997.329,2443912.915,6.25,0.6,18.5,Power Transformer Foundation #2 (Centre),,,,,,
CMC-642,502996.434,2443914.476,6.25,0.6,18.5,Power Transformer Foundation #2 (Centre),,,,,,
CMC-643,502995.539,2443916.038,6.25,0.6,18.5,Power Transformer Foundation #2 (Centre),,,,,,
CMC-644,502994.644,2443917.6,6.25,0.6,18.5,Power Transformer Foundation #2 (Centre),,,,,,
CMC-645,502993.749,2443919.162,6.25,0.6,18.5,Power Transformer Foundation #2 (Centre),,,,,,
CMC-672,502998.891,2443913.81,6.25,0.6,18.5,Power Transformer Foundation #2 (Centre),,,,,,
CMC-673,502997.996,2443915.372,6.25,0.6,18.5,Power Transformer Foundation #2 (Centre),,,,,,
CMC-674,502997.101,2443916.933,6.25,0.6,18.5,Power Transformer Foundation #2 (Centre),,,,,,
CMC-675,502996.206,2443918.495,6.25,0.6,18.5,Power Transformer Foundation #2 (Centre),,,,,,
CMC-676,502995.311,2443920.057,6.25,0.6,18.5,Power Transformer Foundation #2 (Centre),,,,,,
CMC-703,503000.453,2443914.705,6.25,0.6,18.5,Power Transformer Foundation #2 (Centre),,,,,,
CMC-704,502999.558,2443916.267,6.25,0.6,18.5,Power Transformer Foundation #2 (Centre),,,,,,
CMC-705,502998.663,2443917.828,6.25,0.6,18.5,Power Transformer Foundation #2 (Centre),,,,,,
CMC-706,502997.768,2443919.39,6.25,0.6,18.5,Power Transformer Foundation #2 (Centre),,,,,,
CMC-707,502996.873,2443920.952,6.25,0.6,18.5,Power Transformer Foundation #2 (Centre),,,,,,
CMC-798,503004.244,2443918.952,6.25,0.6,18.5,Power Transformer Foundation #3 (East),,,,,,
CMC-799,503003.349,2443920.514,6.25,0.6,18.5,Power Transformer Foundation #3 (East),,,,,,
CMC-800,503002.454,2443922.076,6.25,0.6,18.5,Power Transformer Foundation #3 (East),,,,,,
CMC-827,503006.701,2443918.285,6.25,0.6,18.5,Power Transformer Foundation #3 (East),,,,,,
CMC-828,503005.806,2443919.847,6.25,0.6,18.5,Power Transformer Foundation #3 (East),,,,,,
CMC-829,503004.911,2443921.409,6.25,0.6,18.5,Power Transformer Foundation #3 (East),,,,,,
CMC-830,503004.016,2443922.971,6.25,0.6,18.5,Power Transformer Foundation #3 (East),,,,,,
CMC-831,503003.121,2443924.533,6.25,0.6,18.5,Power Transformer Foundation #3 (East),,,,,,
CMC-832,503008.263,2443919.18,6.25,0.6,18.5,Power Transformer Foundation #3 (East),,,,,,
CMC-833,503007.368,2443920.742,6.25,0.6,18.5,Power Transformer Foundation #3 (East),,,,,,
CMC-834,503006.473,2443922.304,6.25,0.6,18.5,Power Transformer Foundation #3 (East),,,,,,
CMC-835,503005.578,2443923.866,6.25,0.6,18.5,Power Transformer Foundation #3 (East),,,,,,
CMC-836,503004.683,2443925.428,6.25,0.6,18.5,Power Transformer Foundation #3 (East),,,,,,
CMC-863,503009.825,2443920.076,6.25,0.6,18.5,Power Transformer Foundation #3 (East),,,,,,
CMC-864,503008.93,2443921.637,6.25,0.6,18.5,Power Transformer Foundation #3 (East),,,,,,
CMC-865,503008.035,2443923.199,6.25,0.6,18.5,Power Transformer Foundation #3 (East),,,,,,
CMC-866,503007.14,2443924.761,6.25,0.6,18.5,Power Transformer Foundation #3 (East),,,,,,
CMC-867,503006.245,2443926.323,6.25,0.6,18.5,Power Transformer Foundation #3 (East),,,,,,
CMC-894,503011.387,2443920.971,6.25,0.6,18.5,Power Transformer Foundation #3 (East),,,,,,
CMC-895,503010.492,2443922.532,6.25,0.6,18.5,Power Transformer Foundation #3 (East),,,,,,
CMC-896,503009.597,2443924.094,6.25,0.6,18.5,Power Transformer Foundation #3 (East),,,,,,
CMC-897,503008.702,2443925.656,6.25,0.6,18.5,Power Transformer Foundation #3 (East),,,,,,
CMC-898,503007.807,2443927.218,6.25,0.6,18.5,Power Transformer Foundation #3 (East),,,,,,
CMC-925,503012.949,2443921.866,6.25,0.6,18.5,Power Transformer Foundation #3 (East),,,,,,
CMC-926,503012.054,2443923.428,6.25,0.6,18.5,Power Transformer Foundation #3 (East),,,,,,
CMC-927,503011.159,2443924.989,6.25,0.6,18.5,Power Transformer Foundation #3 (East),,,,,,
CMC-928,503010.264,2443926.551,6.25,0.6,18.5,Power Transformer Foundation #3 (East),,,,,,
CMC-929,503009.369,2443928.113,6.25,0.6,18.5,Power Transformer Foundation #3 (East),,,,,,
CMC-2,502968.815,2443907.755,6.25,0.6,10,Septic Tank Foundation,,,,,,
CMC-361,502956.365,2443945.573,6.25,0.6,14.5,Shunt Reactor Foundation,,,,,,
CMC-362,502955.371,2443947.309,6.25,0.6,14.5,Shunt Reactor Foundation,,,,,,
CMC-363,502954.376,2443949.044,6.25,0.6,14.5,Shunt Reactor Foundation,,,,,,
CMC-392,502958.101,2443946.568,6.25,0.6,14.5,Shunt Reactor Foundation,,,,,,
CMC-393,502957.106,2443948.303,6.25,0.6,14.5,Shunt Reactor Foundation,,,,,,
CMC-394,502956.112,2443950.038,6.25,0.6,14.5,Shunt Reactor Foundation,,,,,,
CMC-423,502959.836,2443947.562,6.25,0.6,14.5,Shunt Reactor Foundation,,,,,,
CMC-424,502958.842,2443949.298,6.25,0.6,14.5,Shunt Reactor Foundation,,,,,,
CMC-425,502957.847,2443951.033,6.25,0.6,14.5,Shunt Reactor Foundation,,,,,,
CMC-454,502961.572,2443948.557,6.25,0.6,14.5,Shunt Reactor Foundation,,,,,,
CMC-455,502960.577,2443950.292,6.25,0.6,14.5,Shunt Reactor Foundation,,,,,,
CMC-456,502959.583,2443952.028,6.25,0.6,14.5,Shunt Reactor Foundation,,,,,,
CMC-485,502963.308,2443949.551,6.25,0.6,14.5,Shunt Reactor Foundation,,,,,,
CMC-486,502962.313,2443951.287,6.25,0.6,14.5,Shunt Reactor Foundation,,,,,,
CMC-487,502961.319,2443953.022,6.25,0.6,14.5,Shunt Reactor Foundation,,,,,,
CMC-515,502965.043,2443950.546,6.25,0.6,14.5,Shunt Reactor Foundation,,,,,,
CMC-516,502964.049,2443952.281,6.25,0.6,14.5,Shunt Reactor Foundation,,,,,,
CMC-517,502963.054,2443954.017,6.25,0.6,14.5,Shunt Reactor Foundation,,,,,,
CMC-545,502966.779,2443951.541,6.25,0.6,14.5,Shunt Reactor Foundation,,,,,,
CMC-546,502965.784,2443953.276,6.25,0.6,14.5,Shunt Reactor Foundation,,,,,,
CMC-547,502964.79,2443955.011,6.25,0.6,14.5,Shunt Reactor Foundation,,,,,,
CMC-576,502968.514,2443952.535,6.25,0.6,14.5,Shunt Reactor Foundation,,,,,,
CMC-577,502967.52,2443954.271,6.25,0.6,14.5,Shunt Reactor Foundation,,,,,,
CMC-578,502966.525,2443956.006,6.25,0.6,14.5,Shunt Reactor Foundation,,,,,,
CMC-607,502970.25,2443953.53,6.25,0.6,14.5,Shunt Reactor Foundation,,,,,,
CMC-608,502969.255,2443955.265,6.25,0.6,14.5,Shunt Reactor Foundation,,,,,,
CMC-609,502968.261,2443957,6.25,0.6,14.5,Shunt Reactor Foundation,,,,,,
CMC-638,502971.985,2443954.524,6.25,0.6,14.5,Shunt Reactor Foundation,,,,,,
CMC-639,502970.991,2443956.26,6.25,0.6,14.5,Shunt Reactor Foundation,,,,,,
CMC-640,502969.996,2443957.995,6.25,0.6,14.5,Shunt Reactor Foundation,,,,,,
CMC-669,502973.721,2443955.519,6.25,0.6,14.5,Shunt Reactor Foundation,,,,,,
CMC-670,502972.726,2443957.254,6.25,0.6,14.5,Shunt Reactor Foundation,,,,,,
CMC-671,502971.732,2443958.99,6.25,0.6,14.5,Shunt Reactor Foundation,,,,,,
CMC-700,502975.457,2443956.513,6.25,0.6,14.5,Shunt Reactor Foundation,,,,,,
CMC-701,502974.462,2443958.249,6.25,0.6,14.5,Shunt Reactor Foundation,,,,,,
CMC-702,502973.468,2443959.984,6.25,0.6,14.5,Shunt Reactor Foundation,,,,,,
CMC-735,502977.192,2443957.508,6.25,0.6,14.5,Shunt Reactor Foundation,,,,,,
CMC-736,502976.198,2443959.243,6.25,0.6,14.5,Shunt Reactor Foundation,,,,,,
CMC-737,502975.203,2443960.979,6.25,0.6,14.5,Shunt Reactor Foundation,,,,,,